amanufacturer,bmodel,cderivative,dncap_safetystar_rating,encap_safetyadult_occupants%_score,fncap_safetychild_occupants%_score,gncap_safetypedestrians%_score,hncap_safetysafety_assist%_score
ALPINE,A290 HATCHBACK,130kW GT 52kWh 5dr Auto,4,80,80,76,68
ALPINE,A290 HATCHBACK,130kW GT Premium 52kWh 5dr Auto,4,80,80,76,68
ALPINE,A290 HATCHBACK,160kW GT Performance 52kWh 5dr Auto,4,80,80,76,68
ALPINE,A290 HATCHBACK,160kW GTS 52kWh 5dr Auto,4,80,80,76,68
ALPINE,A290 HATCHBACK SPECIAL EDITION,160kW Premiere Edition 52kWh 5dr Auto,4,80,80,76,68
AUDI,A6 E-TRON AVANT,210kW 83kWh Black Edition 5dr Auto,5,,,,
AUDI,A6 E-TRON AVANT,210kW 83kWh Black Edition 5dr Auto [Tech],5,,,,
AUDI,A6 E-TRON AVANT,210kW 83kWh S Line 5dr Auto,5,92,91,75,80
AUDI,A6 E-TRON AVANT,210kW 83kWh S Line 5dr Auto [Tech],5,,,,
AUDI,A6 E-TRON AVANT,210kW 83kWh Sport 5dr Auto,5,92,91,75,80
AUDI,A6 E-TRON AVANT,210kW 83kWh Sport 5dr Auto [Tech],5,,,,
AUDI,A6 E-TRON AVANT,270kW Performance 100kWh Black Ed 5dr Auto [Tech],5,,,,
AUDI,A6 E-TRON AVANT,270kW Performance 100kWh Black Edition 5dr Auto,5,,,,
AUDI,A6 E-TRON AVANT,270kW Performance 100kWh S Line 5dr Auto,5,92,91,75,80
AUDI,A6 E-TRON AVANT,270kW Performance 100kWh S Line 5dr Auto [Tech],5,,,,
AUDI,A6 E-TRON AVANT,270kW Performance 100kWh Sport 5dr Auto,5,92,91,75,80
AUDI,A6 E-TRON AVANT,270kW Performance 100kWh Sport 5dr Auto [Tech],5,,,,
AUDI,A6 E-TRON AVANT,270kW Performance 100kWh Vorsprung  5dr Auto,5,,,,
AUDI,A6 E-TRON AVANT,315kW Quattro 100kWh Black Edition 5dr Auto,5,,,,
AUDI,A6 E-TRON AVANT,315kW Quattro 100kWh Black Edition 5dr Auto [Tech],5,,,,
AUDI,A6 E-TRON AVANT,315kW Quattro 100kWh S Line 5dr Auto,5,92,91,75,80
AUDI,A6 E-TRON AVANT,315kW Quattro 100kWh S Line 5dr Auto [Tech],5,,,,
AUDI,A6 E-TRON AVANT,315kW Quattro 100kWh Sport 5dr Auto,5,92,91,75,80
AUDI,A6 E-TRON AVANT,315kW Quattro 100kWh Sport 5dr Auto [Tech],5,,,,
AUDI,A6 E-TRON AVANT,315kW Quattro 100kWh Vorsprung 5dr Auto,5,,,,
AUDI,A6 E-TRON AVANT,370kW S6 Qtro 100kWh Black Edition 5dr Auto [Tech],5,,,,
AUDI,A6 E-TRON AVANT,370kW S6 Quattro 100kWh Black Edition 5dr Auto,5,,,,
AUDI,A6 E-TRON AVANT,370kW S6 Quattro 100kWh Vorsprung 5dr Auto,5,,,,
AUDI,A6 E-TRON SPORTBACK,210kW 83kWh Black Edition 5dr Auto,5,,,,
AUDI,A6 E-TRON SPORTBACK,210kW 83kWh Black Edition 5dr Auto [Tech],5,,,,
AUDI,A6 E-TRON SPORTBACK,210kW 83kWh S Line 5dr Auto,5,92,91,75,80
AUDI,A6 E-TRON SPORTBACK,210kW 83kWh S Line 5dr Auto [Tech],5,,,,
AUDI,A6 E-TRON SPORTBACK,210kW 83kWh Sport 5dr Auto,5,92,91,75,80
AUDI,A6 E-TRON SPORTBACK,210kW 83kWh Sport 5dr Auto [Tech],5,,,,
AUDI,A6 E-TRON SPORTBACK,270kW Performance 100kWh Black Ed 5dr Auto [Tech],5,,,,
AUDI,A6 E-TRON SPORTBACK,270kW Performance 100kWh Black Edition 5dr Auto,5,,,,
AUDI,A6 E-TRON SPORTBACK,270kW Performance 100kWh S Line 5dr Auto,5,92,91,75,80
AUDI,A6 E-TRON SPORTBACK,270kW Performance 100kWh S Line 5dr Auto [Tech],5,,,,
AUDI,A6 E-TRON SPORTBACK,270kW Performance 100kWh Sport 5dr Auto,5,92,91,75,80
AUDI,A6 E-TRON SPORTBACK,270kW Performance 100kWh Sport 5dr Auto [Tech],5,,,,
AUDI,A6 E-TRON SPORTBACK,270kW Performance 100kWh Vorsprung 5dr Auto,5,,,,
AUDI,A6 E-TRON SPORTBACK,315kW Quattro 100kWh Black Edition 5dr Auto,5,,,,
AUDI,A6 E-TRON SPORTBACK,315kW Quattro 100kWh Black Edition 5dr Auto [Tech],5,,,,
AUDI,A6 E-TRON SPORTBACK,315kW Quattro 100kWh S Line 5dr Auto,5,92,91,75,80
AUDI,A6 E-TRON SPORTBACK,315kW Quattro 100kWh S Line 5dr Auto [Tech],5,,,,
AUDI,A6 E-TRON SPORTBACK,315kW Quattro 100kWh Sport 5dr Auto,5,92,91,75,80
AUDI,A6 E-TRON SPORTBACK,315kW Quattro 100kWh Sport 5dr Auto [Tech],5,,,,
AUDI,A6 E-TRON SPORTBACK,315kW Quattro 100kWh Vorsprung 5dr Auto,5,,,,
AUDI,A6 E-TRON SPORTBACK,370kW S6 Qtro 100kWh Black Edition 5dr Auto [Tech],5,,,,
AUDI,A6 E-TRON SPORTBACK,370kW S6 Quattro 100kWh Black Edition 5dr Auto,5,,,,
AUDI,A6 E-TRON SPORTBACK,370kW S6 Quattro 100kWh Vorsprung 5dr Auto,5,,,,
AUDI,Q4 E-TRON ESTATE,150kW 40 63kWh Black Edition 5dr Auto,5,91,87,79,73
AUDI,Q4 E-TRON ESTATE,150kW 40 63kWh Black Edition 5dr Auto [Tech Pack],5,91,87,79,73
AUDI,Q4 E-TRON ESTATE,150kW 40 63kWh Black Edition 5dr Auto [Tech Pro],5,91,87,79,73
AUDI,Q4 E-TRON ESTATE,150kW 40 63kWh S Line 5dr Auto [Leather/Tech Pack],5,91,87,79,73
AUDI,Q4 E-TRON ESTATE,150kW 40 63kWh S Line 5dr Auto [Leather/Tech Pro],5,91,87,79,73
AUDI,Q4 E-TRON ESTATE,150kW 40 63kWh S Line 5dr Auto [Leather],5,91,87,79,73
AUDI,Q4 E-TRON ESTATE,150kW 40 63kWh Sport 5dr Auto [Leather/Tech Pack],5,91,87,79,73
AUDI,Q4 E-TRON ESTATE,150kW 40 63kWh Sport 5dr Auto [Leather/Tech Pro],5,91,87,79,73
AUDI,Q4 E-TRON ESTATE,150kW 40 63kWh Sport 5dr Auto [Leather],5,91,87,79,73
AUDI,Q4 E-TRON ESTATE,210kW 45 82kWh Black Edition 5dr Auto,5,91,87,79,73
AUDI,Q4 E-TRON ESTATE,210kW 45 82kWh Black Edition 5dr Auto [Tech Pack],5,91,87,79,73
AUDI,Q4 E-TRON ESTATE,210kW 45 82kWh Black Edition 5dr Auto [Tech Pro],5,91,87,79,73
AUDI,Q4 E-TRON ESTATE,210kW 45 82kWh S Line 5dr Auto [Leather/Tech Pack],5,91,87,79,73
AUDI,Q4 E-TRON ESTATE,210kW 45 82kWh S Line 5dr Auto [Leather/Tech Pro],5,91,87,79,73
AUDI,Q4 E-TRON ESTATE,210kW 45 82kWh S Line 5dr Auto [Leather],5,91,87,79,73
AUDI,Q4 E-TRON ESTATE,210kW 45 82kWh Sport 5dr Auto [Leather/Tech Pack],5,91,87,79,73
AUDI,Q4 E-TRON ESTATE,210kW 45 82kWh Sport 5dr Auto [Leather/Tech Pro],5,91,87,79,73
AUDI,Q4 E-TRON ESTATE,210kW 45 82kWh Sport 5dr Auto [Leather],5,91,87,79,73
AUDI,Q4 E-TRON ESTATE,210kW 45 Qtro 82kWh Black Ed 5dr Auto [Tech Pack],5,91,87,79,73
AUDI,Q4 E-TRON ESTATE,210kW 45 Qtro 82kWh Black Ed 5dr Auto [Tech Pro],5,91,87,79,73
AUDI,Q4 E-TRON ESTATE,210kW 45 Qtro 82kWh S Line 5dr Auto [Lth/Tech Pro],5,91,87,79,73
AUDI,Q4 E-TRON ESTATE,210kW 45 Qtro 82kWh Sport 5dr Auto [Lth/Tech Pro],5,91,87,79,73
AUDI,Q4 E-TRON ESTATE,210kW 45 Quattro 82kWh Black Edition 5dr Auto,5,91,87,79,73
AUDI,Q4 E-TRON ESTATE,210kW 45 Quattro 82kWh S Line 5dr Auto [Leather],5,91,87,79,73
AUDI,Q4 E-TRON ESTATE,210kW 45 Quattro 82kWh S Line 5dr Auto [Lth/Tech],5,91,87,79,73
AUDI,Q4 E-TRON ESTATE,210kW 45 Quattro 82kWh Sport 5dr Auto [Leather],5,91,87,79,73
AUDI,Q4 E-TRON ESTATE,210kW 45 Quattro 82kWh Sport 5dr Auto [Lth/Tech],5,91,87,79,73
AUDI,Q4 E-TRON ESTATE,250kW 55 Qtro 82kWh Black Ed 5dr Auto [Tech Pack],5,91,87,79,73
AUDI,Q4 E-TRON ESTATE,250kW 55 Qtro 82kWh Black Ed 5dr Auto [Tech Pro],5,91,87,79,73
AUDI,Q4 E-TRON ESTATE,250kW 55 Qtro 82kWh S Line 5dr Auto [Lth/Tech Pro],5,91,87,79,73
AUDI,Q4 E-TRON ESTATE,250kW 55 Qtro 82kWh Sport 5dr Auto [Lth/Tech Pro],5,91,87,79,73
AUDI,Q4 E-TRON ESTATE,250kW 55 Quattro 82kWh Black Edition 5dr Auto,5,91,87,79,73
AUDI,Q4 E-TRON ESTATE,250kW 55 Quattro 82kWh S Line 5dr Auto [Leather],5,91,87,79,73
AUDI,Q4 E-TRON ESTATE,250kW 55 Quattro 82kWh S Line 5dr Auto [Lth/Tech],5,91,87,79,73
AUDI,Q4 E-TRON ESTATE,250kW 55 Quattro 82kWh Sport 5dr Auto [Leather],5,91,87,79,73
AUDI,Q4 E-TRON ESTATE,250kW 55 Quattro 82kWh Sport 5dr Auto [Lth/Tech],5,91,87,79,73
AUDI,Q4 E-TRON SPORTBACK,150kW 40 63kWh Black Edition 5dr Auto,5,91,87,79,73
AUDI,Q4 E-TRON SPORTBACK,150kW 40 63kWh Black Edition 5dr Auto [Tech Pack],5,91,87,79,73
AUDI,Q4 E-TRON SPORTBACK,150kW 40 63kWh Black Edition 5dr Auto [Tech Pro],5,91,87,79,73
AUDI,Q4 E-TRON SPORTBACK,150kW 40 63kWh S Line 5dr Auto [Leather/Tech Pack],5,91,87,79,73
AUDI,Q4 E-TRON SPORTBACK,150kW 40 63kWh S Line 5dr Auto [Leather/Tech Pro],5,91,87,79,73
AUDI,Q4 E-TRON SPORTBACK,150kW 40 63kWh S Line 5dr Auto [Leather],5,91,87,79,73
AUDI,Q4 E-TRON SPORTBACK,150kW 40 63kWh Sport 5dr Auto [Leather/Tech Pack],5,91,87,79,73
AUDI,Q4 E-TRON SPORTBACK,150kW 40 63kWh Sport 5dr Auto [Leather/Tech Pro],5,91,87,79,73
AUDI,Q4 E-TRON SPORTBACK,150kW 40 63kWh Sport 5dr Auto [Leather],5,91,87,79,73
AUDI,Q4 E-TRON SPORTBACK,210kW 45 82kWh Black Edition 5dr Auto,5,91,87,79,73
AUDI,Q4 E-TRON SPORTBACK,210kW 45 82kWh Black Edition 5dr Auto [Tech Pack],5,91,87,79,73
AUDI,Q4 E-TRON SPORTBACK,210kW 45 82kWh Black Edition 5dr Auto [Tech Pro],5,91,87,79,73
AUDI,Q4 E-TRON SPORTBACK,210kW 45 82kWh S Line 5dr Auto [Leather/Tech Pack],5,91,87,79,73
AUDI,Q4 E-TRON SPORTBACK,210kW 45 82kWh S Line 5dr Auto [Leather/Tech Pro],5,91,87,79,73
AUDI,Q4 E-TRON SPORTBACK,210kW 45 82kWh S Line 5dr Auto [Leather],5,91,87,79,73
AUDI,Q4 E-TRON SPORTBACK,210kW 45 82kWh Sport 5dr Auto [Leather/Tech Pack],5,91,87,79,73
AUDI,Q4 E-TRON SPORTBACK,210kW 45 82kWh Sport 5dr Auto [Leather/Tech Pro],5,91,87,79,73
AUDI,Q4 E-TRON SPORTBACK,210kW 45 82kWh Sport 5dr Auto [Leather],5,91,87,79,73
AUDI,Q4 E-TRON SPORTBACK,210kW 45 Qtro 82kWh Black Ed 5dr Auto [Tech Pack],5,91,87,79,73
AUDI,Q4 E-TRON SPORTBACK,210kW 45 Qtro 82kWh Black Ed 5dr Auto [Tech Pro],5,91,87,79,73
AUDI,Q4 E-TRON SPORTBACK,210kW 45 Qtro 82kWh S Line 5dr Auto [Lth/Tech Pro],5,91,87,79,73
AUDI,Q4 E-TRON SPORTBACK,210kW 45 Qtro 82kWh Sport 5dr Auto [Lth/Tech Pro],5,91,87,79,73
AUDI,Q4 E-TRON SPORTBACK,210kW 45 Quattro 82kWh Black Edition 5dr Auto,5,91,87,79,73
AUDI,Q4 E-TRON SPORTBACK,210kW 45 Quattro 82kWh S Line 5dr Auto [Leather],5,91,87,79,73
AUDI,Q4 E-TRON SPORTBACK,210kW 45 Quattro 82kWh S Line 5dr Auto [Lth/Tech],5,91,87,79,73
AUDI,Q4 E-TRON SPORTBACK,210kW 45 Quattro 82kWh Sport 5dr Auto [Leather],5,91,87,79,73
AUDI,Q4 E-TRON SPORTBACK,210kW 45 Quattro 82kWh Sport 5dr Auto [Lth/Tech],5,91,87,79,73
AUDI,Q4 E-TRON SPORTBACK,250kW 55 Qtro 82kWh Black Ed 5dr Auto [Tech Pack],5,91,87,79,73
AUDI,Q4 E-TRON SPORTBACK,250kW 55 Qtro 82kWh Black Ed 5dr Auto [Tech Pro],5,91,87,79,73
AUDI,Q4 E-TRON SPORTBACK,250kW 55 Qtro 82kWh S Line 5dr Auto [Lth/Tech Pro],5,91,87,79,73
AUDI,Q4 E-TRON SPORTBACK,250kW 55 Qtro 82kWh Sport 5dr Auto [Lth/Tech Pro],5,91,87,79,73
AUDI,Q4 E-TRON SPORTBACK,250kW 55 Quattro 82kWh Black Edition 5dr Auto,5,91,87,79,73
AUDI,Q4 E-TRON SPORTBACK,250kW 55 Quattro 82kWh S Line 5dr Auto [Leather],5,91,87,79,73
AUDI,Q4 E-TRON SPORTBACK,250kW 55 Quattro 82kWh S Line 5dr Auto [Lth/Tech],5,91,87,79,73
AUDI,Q4 E-TRON SPORTBACK,250kW 55 Quattro 82kWh Sport 5dr Auto [Leather],5,91,87,79,73
AUDI,Q4 E-TRON SPORTBACK,250kW 55 Quattro 82kWh Sport 5dr Auto [Lth/Tech],5,91,87,79,73
AUDI,Q6 E-TRON ESTATE,185kW 83kWh S Line 5dr Auto,5,91,92,81,80
AUDI,Q6 E-TRON ESTATE,185kW 83kWh Sport 5dr Auto,5,91,92,81,80
AUDI,Q6 E-TRON ESTATE,225kW Performance 100kWh S Line 5dr Auto,5,91,92,81,80
AUDI,Q6 E-TRON ESTATE,225kW Performance 100kWh Sport 5dr Auto,5,91,92,81,80
AUDI,Q6 E-TRON SPORTBACK,185kW 83kWh S Line 5dr Auto,5,91,92,81,80
AUDI,Q6 E-TRON SPORTBACK,185kW 83kWh Sport 5dr Auto,5,91,92,81,80
AUDI,Q6 E-TRON SPORTBACK,225kW Performance 100kWh S Line 5dr Auto,5,91,92,81,80
AUDI,Q6 E-TRON SPORTBACK,225kW Performance 100kWh Sport 5dr Auto,5,91,92,81,80
BMW,I4 GRAN COUPE,210kW eDrive35 M Sport 70kWh 5dr Auto,4,87,87,71,64
BMW,I4 GRAN COUPE,210kW eDrive35 M Sport 70kWh 5dr Auto [Pro Pack],4,87,87,71,64
BMW,I4 GRAN COUPE,210kW eDrive35 M Sport 70kWh 5dr Auto [Tech Pack],4,87,87,71,64
BMW,I4 GRAN COUPE,210kW eDrive35 M Sport 70kWh 5dr Auto [Tech/Pro],4,87,87,71,64
BMW,I4 GRAN COUPE,210kW eDrive35 Sport 70kWh 5dr Auto,4,87,87,71,64
BMW,I4 GRAN COUPE,210kW eDrive35 Sport 70kWh 5dr Auto [Tech Pack],4,87,87,71,64
BMW,I4 GRAN COUPE,250kW eDrive40 M Sport 83.9kWh 5dr Auto,4,87,87,71,64
BMW,I4 GRAN COUPE,250kW eDrive40 M Sport 83.9kWh 5dr Auto [Pro Pack],4,87,87,71,64
BMW,I4 GRAN COUPE,250kW eDrive40 M Sport 83.9kWh 5dr Auto [Tech/Pro],4,87,87,71,64
BMW,I4 GRAN COUPE,250kW eDrive40 M Sport 83.9kWh 5dr Auto [Tech],4,87,87,71,64
BMW,I4 GRAN COUPE,250kW eDrive40 Sport 83.9kWh 5dr Auto,4,87,87,71,64
BMW,I4 GRAN COUPE,250kW eDrive40 Sport 83.9kWh 5dr Auto [Tech Pack],4,87,87,71,64
BMW,I4 GRAN COUPE,440kW M60 83.9kWh 5dr Auto,4,87,87,71,64
BMW,I4 GRAN COUPE,440kW M60 83.9kWh 5dr Auto [Pro pack],4,87,87,71,64
BMW,I4 GRAN COUPE,440kW M60 83.9kWh 5dr Auto [Tech pack],4,87,87,71,64
BMW,I4 GRAN COUPE,440kW M60 83.9kWh 5dr Auto [Tech/Pro pack],4,87,87,71,64
BMW,iX2 ELECTRIC HATCHBACK,150kW eDrive20 M Sport 65kWh 5dr Auto,5,85,88,76,92
BMW,iX2 ELECTRIC HATCHBACK,150kW eDrive20 M Sport 65kWh 5dr Auto [22kWCh],5,85,88,76,92
BMW,iX2 ELECTRIC HATCHBACK,150kW eDrive20 M Sport 65kWh 5dr Auto [Tech+/22kW],5,85,88,76,92
BMW,iX2 ELECTRIC HATCHBACK,150kW eDrive20 M Sport 65kWh 5dr Auto [Tech+],5,85,88,76,92
BMW,iX2 ELECTRIC HATCHBACK,150kW eDrive20 M Sport 65kWh 5dr Auto [Tech/Pro],5,85,88,76,92
BMW,iX2 ELECTRIC HATCHBACK,150kW eDrive20 M Sport 65kWh 5dr Auto Tech/Pro/22,5,85,88,76,92
BMW,iX2 ELECTRIC HATCHBACK,150kW eDrive20 Shadow Ed 65kWh 5dr Auto [22kWCh],5,85,88,76,92
BMW,iX2 ELECTRIC HATCHBACK,150kW eDrive20 Shadow Ed 65kWh 5dr Auto [Tech+],5,85,88,76,92
BMW,iX2 ELECTRIC HATCHBACK,150kW eDrive20 Shadow Ed 65kWh 5dr Auto Tech+/22kW,5,85,88,76,92
BMW,iX2 ELECTRIC HATCHBACK,150kW eDrive20 Shadow Edition 65kWh 5dr Auto,5,85,88,76,92
BMW,iX2 ELECTRIC HATCHBACK,230kW xDrive30 M Sport 65kWh 5dr Auto,5,85,88,76,92
BMW,iX2 ELECTRIC HATCHBACK,230kW xDrive30 M Sport 65kWh 5dr Auto [22kWCh],5,85,88,76,92
BMW,iX2 ELECTRIC HATCHBACK,230kW xDrive30 M Sport 65kWh 5dr Auto [Tech+/22kW],5,85,88,76,92
BMW,iX2 ELECTRIC HATCHBACK,230kW xDrive30 M Sport 65kWh 5dr Auto [Tech+],5,85,88,76,92
BMW,iX2 ELECTRIC HATCHBACK,230kW xDrive30 M Sport 65kWh 5dr Auto [Tech/Pro],5,85,88,76,92
BMW,iX2 ELECTRIC HATCHBACK,230kW xDrive30 M Sport 65kWh 5dr Auto Tech/Pro/22,5,85,88,76,92
BMW,iX2 ELECTRIC HATCHBACK,230kW xDrive30 Shadow Ed 65kWh 5dr Auto [22kWCh],5,85,88,76,92
BMW,iX2 ELECTRIC HATCHBACK,230kW xDrive30 Shadow Ed 65kWh 5dr Auto [Tech+],5,85,88,76,92
BMW,iX2 ELECTRIC HATCHBACK,230kW xDrive30 Shadow Ed 65kWh 5dr Auto Tech+/22kW,5,85,88,76,92
BMW,iX2 ELECTRIC HATCHBACK,230kW xDrive30 Shadow Edition 65kWh 5dr Auto,5,85,88,76,92
BYD,ATTO 2 HATCHBACK,130kW Boost 51kWh 5dr Auto,5,91,89,69,74
BYD,ATTO 2 HATCHBACK,150kW Comfort 65kWh 5dr Auto,5,91,89,69,74
BYD,ATTO 3 HATCHBACK,150kW Comfort 60kWh 5dr Auto,5,91,89,69,74
BYD,ATTO 3 HATCHBACK,150kW Design 60kWh 5dr Auto,5,91,89,69,74
BYD,DOLPHIN HATCHBACK,150kW Comfort 60.4kWh Auto,5,89,87,85,79
BYD,DOLPHIN HATCHBACK,150kW Design 60.4kWh 5dr Auto,5,89,87,85,79
BYD,DOLPHIN SURF HATCHBACK,115kW Comfort 43kWh 5dr Auto,5,82,86,76,77
BYD,DOLPHIN SURF HATCHBACK,65kW Active 30kWh 5dr Auto,5,82,86,76,77
BYD,DOLPHIN SURF HATCHBACK,65kW Boost 43kWh 5dr Auto,5,82,86,76,77
BYD,SEAL SALOON,230kW Design 83kWh 4dr Auto,5,89,87,82,76
BYD,SEAL SALOON,390kW Excellence AWD 83kWh 4dr Auto,5,89,87,82,76
BYD,SEALION 7 ESTATE,230kW Comfort 83kWh 5dr Auto,5,87,93,76,79
BYD,SEALION 7 ESTATE,390kW Design AWD 83kWh 5dr Auto,5,87,93,76,79
BYD,SEALION 7 ESTATE,390kW Excellence AWD 91kWh 5dr Auto,5,87,93,76,79
CITROEN,E-C5 AIRCROSS ELECTRIC HATCHBACK,"157kW Max 73kWh 5dr Auto [20"" Alloy]",4,80,85,79,62
CITROEN,E-C5 AIRCROSS ELECTRIC HATCHBACK,157kW Plus 73kWh 5dr Auto,4,80,85,79,62
CITROEN,E-C5 AIRCROSS ELECTRIC HATCHBACK,157kW You 73kWh 5dr Auto,4,80,85,79,62
CUPRA,BORN ELECTRIC HATCHBACK,170kW e-Boost V1 59kWh 5dr Auto,5,89,87,76,76
CUPRA,BORN ELECTRIC HATCHBACK,170kW e-Boost V1 79kWh 5dr Auto,5,89,87,76,76
CUPRA,BORN ELECTRIC HATCHBACK,170kW e-Boost V2 59kWh 5dr Auto,5,89,87,76,76
CUPRA,BORN ELECTRIC HATCHBACK,170kW e-Boost V2 79kWh 5dr Auto,5,89,87,76,76
CUPRA,BORN ELECTRIC HATCHBACK,170kW e-Boost V3 59kWh 5dr Auto,5,89,87,76,76
CUPRA,BORN ELECTRIC HATCHBACK,170kW e-Boost V3 79kWh 5dr Auto,5,89,87,76,76
CUPRA,BORN ELECTRIC HATCHBACK,240kW e-Boost VZ 79kWh 5dr Auto,5,89,87,76,76
CUPRA,BORN ELECTRIC HATCHBACK SPECIAL EDITION,170kW e-Boost Exclusive Edition 59kWh 5dr Auto,5,89,87,76,76
CUPRA,TAVASCAN ESTATE,210kW V1 77kWh 5dr Auto [Winter Pack],5,89,86,80,79
CUPRA,TAVASCAN ESTATE,210kW V2 77kWh 5dr Auto,5,89,86,80,79
CUPRA,TAVASCAN ESTATE,210kW V2 77kWh 5dr Auto [Winter Pack],5,89,86,80,79
CUPRA,TAVASCAN ESTATE,250kW VZ1 77kWh AWD 5dr Auto,5,89,86,80,79
CUPRA,TAVASCAN ESTATE,250kW VZ1 77kWh AWD 5dr Auto [Winter Pack],5,89,86,80,79
CUPRA,TAVASCAN ESTATE,250kW VZ2 77kWh AWD 5dr Auto,5,89,86,80,79
CUPRA,TAVASCAN ESTATE,250kW VZ2 77kWh AWD 5dr Auto [Winter Pack],5,89,86,80,79
DS,No8 ESTATE,191kW Etoile 74kWh 5dr Auto,4,76,85,80,65
DS,No8 ESTATE,191kW Pallas 74kWh 5dr Auto,4,76,85,80,65
DS,No8 ESTATE,206kW Etoile 97kWh High Range 5dr Auto,4,76,85,80,65
DS,No8 ESTATE,206kW Pallas 97kWh High Range 5dr Auto,4,76,85,80,65
DS,No8 ESTATE,276kW Etoile 97kWh High Range 5dr Auto AWD,4,76,85,80,65
DS,No8 ESTATE SPECIAL EDITION,206kW Jules Verne 97kWh High Range 5dr Auto,4,76,85,80,65
DS,No8 ESTATE SPECIAL EDITION,276kW Jules Verne 97kWh High Range 5dr Auto AWD,4,76,85,80,65
FIAT,500 ELECTRIC CABRIO,87kW 42kWh 2dr Auto,4,76,80,67,67
FIAT,500 ELECTRIC CABRIO,87kW Icon 42kWh 2dr Auto,4,76,80,67,67
FIAT,500 ELECTRIC CABRIO,87kW La Prima 42kWh 2dr Auto,4,76,80,67,67
FIAT,500 ELECTRIC CABRIO SPECIAL EDITIONS,87kW Red 42kWh 2dr Auto,4,76,80,67,67
FIAT,500 ELECTRIC HATCHBACK,70kW 24kWh 3dr Auto,4,76,80,67,67
FIAT,500 ELECTRIC HATCHBACK,70kW Icon 24kWh 3dr Auto,4,76,80,67,67
FIAT,500 ELECTRIC HATCHBACK,87kW 42kWh 3dr Auto,4,76,80,67,67
FIAT,500 ELECTRIC HATCHBACK,87kW Icon 42kWh 3dr Auto,4,76,80,67,67
FIAT,500 ELECTRIC HATCHBACK,87kW La Prima 42kWh 3dr Auto,4,76,80,67,67
FIAT,500 ELECTRIC HATCHBACK SPECIAL EDITIONS,70kW Red 24kWh 3dr Auto,4,76,80,67,67
FIAT,500 ELECTRIC HATCHBACK SPECIAL EDITIONS,87kW Giorgio Armani 42kWh 3dr Auto,4,76,80,67,67
FIAT,500 ELECTRIC HATCHBACK SPECIAL EDITIONS,87kW Red 42kWh 3dr Auto,4,76,80,67,67
FORD,CAPRI ESTATE,125kW Premium 52kWh 5dr Auto,5,89,86,80,72
FORD,CAPRI ESTATE,125kW Premium 52kWh 5dr Auto [Driver Assist Pack],5,89,86,80,72
FORD,CAPRI ESTATE,125kW Style 52kWh 5dr Auto,5,89,86,80,72
FORD,CAPRI ESTATE,125kW Style 52kWh 5dr Auto [Comfort Pack],5,89,86,80,72
FORD,CAPRI ESTATE,125kW Style 52kWh 5dr Auto [Comfort/Driver Assist],5,89,86,80,72
FORD,CAPRI ESTATE,125kW Style 52kWh 5dr Auto [Driver Assist Pack],5,89,86,80,72
FORD,CAPRI ESTATE,210kW Premium 77kWh 5dr Auto,5,89,86,80,72
FORD,CAPRI ESTATE,210kW Premium 77kWh 5dr Auto [Driver Assist Pack],5,89,86,80,72
FORD,CAPRI ESTATE,210kW Select 77kWh 5dr Auto,5,89,86,80,72
FORD,CAPRI ESTATE,210kW Select 77kWh 5dr Auto [Driver Assist Pack],5,89,86,80,72
FORD,CAPRI ESTATE,250kW Premium 79kWh AWD 5dr Auto,5,89,86,80,72
FORD,CAPRI ESTATE,250kW Premium 79kWh AWD 5dr Auto [Driver Assist],5,89,86,80,72
FORD,CAPRI ESTATE,250kW Select 79kWh AWD 5dr Auto,5,89,86,80,72
FORD,CAPRI ESTATE,250kW Select 79kWh AWD 5dr Auto [Driver Assist],5,89,86,80,72
FORD,EXPLORER ELECTRIC ESTATE,125kW Premium 52kWh 5dr Auto,5,89,86,80,72
FORD,EXPLORER ELECTRIC ESTATE,125kW Premium 52kWh 5dr Auto [Driver Assist Pack],5,89,86,80,72
FORD,EXPLORER ELECTRIC ESTATE,125kW Style 52kWh 5dr Auto,5,89,86,80,72
FORD,EXPLORER ELECTRIC ESTATE,125kW Style 52kWh 5dr Auto [Comfort Pack],5,89,86,80,72
FORD,EXPLORER ELECTRIC ESTATE,125kW Style 52kWh 5dr Auto [Comfort/Driver Assist],5,89,86,80,72
FORD,EXPLORER ELECTRIC ESTATE,125kW Style 52kWh 5dr Auto [Driver Assist Pack],5,89,86,80,72
FORD,EXPLORER ELECTRIC ESTATE,210kW Premium 77kWh 5dr Auto,5,89,86,80,72
FORD,EXPLORER ELECTRIC ESTATE,210kW Premium 77kWh 5dr Auto [Driver Assist Pack],5,89,86,80,72
FORD,EXPLORER ELECTRIC ESTATE,210kW Select 77kWh 5dr Auto,5,89,86,80,72
FORD,EXPLORER ELECTRIC ESTATE,210kW Select 77kWh 5dr Auto [Driver Assist Pack],5,89,86,80,72
FORD,EXPLORER ELECTRIC ESTATE,250kW Premium 79kWh AWD 5dr Auto,5,89,86,80,72
FORD,EXPLORER ELECTRIC ESTATE,250kW Premium 79kWh AWD 5dr Auto [Driver Assist],5,89,86,80,72
FORD,EXPLORER ELECTRIC ESTATE,250kW Select 79kWh AWD 5dr Auto,5,89,86,80,72
FORD,EXPLORER ELECTRIC ESTATE,250kW Select 79kWh AWD 5dr Auto [Driver Assist],5,89,86,80,72
FORD,MUSTANG MACH-E ESTATE,197kW Select 72kWh RWD 5dr Auto,5,92,86,69,82
FORD,MUSTANG MACH-E ESTATE,197kW Select 72kWh RWD 5dr Auto [Tech+],5,92,86,69,82
FORD,MUSTANG MACH-E ESTATE,198kW Select 72kWh RWD 5dr Auto,5,92,86,69,82
FORD,MUSTANG MACH-E ESTATE,198kW Select 72kWh RWD 5dr Auto [Tech+],5,92,86,69,82
FORD,MUSTANG MACH-E ESTATE,216kW Premium 91kWh RWD 5dr Auto,5,92,86,69,82
FORD,MUSTANG MACH-E ESTATE,216kW Premium 91kWh RWD 5dr Auto [Tech+],5,92,86,69,82
FORD,MUSTANG MACH-E ESTATE,258kW Premium 91kWh AWD 5dr Auto,5,92,86,69,82
FORD,MUSTANG MACH-E ESTATE,272kW Premium 91kWh AWD 5dr Auto,5,92,86,69,82
FORD,MUSTANG MACH-E ESTATE,276kW Premium 88kWh AWD 5dr Auto [Tech+],5,92,86,69,82
FORD,MUSTANG MACH-E ESTATE,358kW GT 91kWh AWD 5dr Auto [Pan Roof],5,92,86,69,82
FORD,MUSTANG MACH-E ESTATE,358kW GT 91kWh AWD 5dr Auto [Rally Pack],5,92,86,69,82
FORD,PUMA GEN-E ELECTRIC HATCHBACK,124kW Premium 47kWh 5dr Auto,4,75,84,70,69
FORD,PUMA GEN-E ELECTRIC HATCHBACK,124kW Premium 47kWh 5dr Auto [Adv Driver Assist],4,75,84,70,69
FORD,PUMA GEN-E ELECTRIC HATCHBACK,124kW Select 47kWh 5dr Auto,4,75,84,70,69
FORD,PUMA GEN-E ELECTRIC HATCHBACK,124kW Select 47kWh 5dr Auto [Adv Driver Assist],4,75,84,70,69
FORD,PUMA GEN-E ELECTRIC HATCHBACK,124kW Select 47kWh 5dr Auto [Comfort Pack],4,75,84,70,69
FORD,PUMA GEN-E ELECTRIC HATCHBACK,124kW Select 47kWh 5dr Auto [Comfort/Adv Drv Asst],4,75,84,70,69
FORD,TOURNEO COURIER ELECTRIC ESTATE,100kW Active 43kWh 5dr Auto,4,85,78,78,66
FORD,TOURNEO COURIER ELECTRIC ESTATE,100kW Titanium 43kWh 5dr Auto,4,85,78,78,66
FORD,TOURNEO COURIER ELECTRIC ESTATE,100kW Titanium 43kWh 5dr Auto [Driver Assist],4,85,78,78,66
GEELY,EX5 ESTATE,160kW Max 60kWh 5dr Auto,5,86,87,83,83
GEELY,EX5 ESTATE,160kW Pro 60kWh 5dr Auto,5,86,87,83,83
GEELY,EX5 ESTATE,160kW SE 60kWh 5dr Auto,5,86,87,83,83
GENESIS,GV60 ESTATE,168kW Pure 84kWh 5dr Auto,5,89,87,63,88
GENESIS,GV60 ESTATE,168kW Pure 84kWh 5dr Auto [Comfort/Innovation],5,89,87,63,88
GENESIS,GV60 ESTATE,168kW Pure 84kWh 5dr Auto [Comfort],5,89,87,63,88
GENESIS,GV60 ESTATE,168kW Pure 84kWh 5dr Auto [Innovation],5,89,87,63,88
GENESIS,GV60 ESTATE,234kW Sport 84kWh 5dr AWD Auto,5,89,87,63,88
GENESIS,GV60 ESTATE,234kW Sport 84kWh 5dr AWD Auto [Comf/Innovation],5,89,87,63,88
GENESIS,GV60 ESTATE,234kW Sport 84kWh 5dr AWD Auto [Comfort],5,89,87,63,88
GENESIS,GV60 ESTATE,234kW Sport 84kWh 5dr AWD Auto [Innovation],5,89,87,63,88
GENESIS,GV60 ESTATE,360kW Performance 84kWh 5dr AWD Auto,5,89,87,63,88
GENESIS,GV70 ELECTRIC ESTATE,360kW Dynamic 84kWh 5dr Auto AWD,5,89,87,64,87
GENESIS,GV70 ELECTRIC ESTATE,360kW Luxury 84kWh 5dr Auto AWD,5,89,87,64,87
GENESIS,GV70 ELECTRIC ESTATE,360kW Luxury 84kWh 5dr Auto AWD [Comfort Pack],5,89,87,64,87
GENESIS,GV70 ELECTRIC ESTATE,360kW Pure 84kWh 5dr Auto AWD,5,89,87,64,87
GWM,ORA 03 HATCHBACK,126kW GT 63kWh 5dr Auto,5,92,83,74,93
GWM,ORA 03 HATCHBACK,126kW Pro 63kWh 5dr Auto,5,92,83,74,93
GWM,ORA 03 HATCHBACK,126kW Pure 48kWh 5dr Auto,5,92,83,74,93
GWM ORA,ORA 03 HATCHBACK,126kW Pro+ 63kWh 5dr Auto,5,92,83,74,93
GWM ORA,ORA 03 HATCHBACK,126kW Pure+ 48kWh 5dr Auto,5,92,83,74,93
HONDA,e HATCHBACK,113kW Advance 36kWh 5dr Auto,4,76,82,62,65
HYUNDAI,INSTER ELECTRIC HATCHBACK,71kW 01 42kWh 5dr Auto,4,70,81,70,67
HYUNDAI,INSTER ELECTRIC HATCHBACK,85kW 01 49kWh 5dr Auto,4,70,81,70,67
HYUNDAI,INSTER ELECTRIC HATCHBACK,85kW 02 49kWh 5dr Auto,4,70,81,70,67
HYUNDAI,INSTER ELECTRIC HATCHBACK,85kW Cross 49kWh 5dr Auto,4,70,81,70,67
HYUNDAI,IONIQ 5 N ELECTRIC HATCHBACK,478kW 84 kWh 5dr Auto,5,88,86,63,88
HYUNDAI,IONIQ 5 N ELECTRIC HATCHBACK,478kW 84 kWh 5dr Auto [Vision Roof],5,88,86,63,88
HYUNDAI,IONIQ 6 ELECTRIC SALOON,168kW Premium 77kWh 4dr Auto,5,97,87,66,90
HYUNDAI,IONIQ 6 ELECTRIC SALOON,168kW Ultimate 77kWh 4dr Auto,5,97,87,66,90
HYUNDAI,IONIQ 6 ELECTRIC SALOON,239kW Premium 77kWh 4dr AWD Auto,5,97,87,66,90
HYUNDAI,IONIQ 6 ELECTRIC SALOON,239kW Ultimate 77kWh 4dr AWD Auto,5,97,87,66,90
HYUNDAI,IONIQ 9 ELECTRIC ESTATE,160kW Premium 110kWh 5dr Auto,5,84,87,77,83
HYUNDAI,IONIQ 9 ELECTRIC ESTATE,226kW Calligraphy 110kWh 5dr AWD Auto,5,84,87,77,83
HYUNDAI,IONIQ 9 ELECTRIC ESTATE,226kW Ultimate 110kWh 5dr AWD Auto,5,84,87,77,83
HYUNDAI,IONIQ 9 ELECTRIC ESTATE,314kW Calligraphy 110kWh 5dr AWD Auto,5,84,87,77,83
HYUNDAI,IONIQ 9 ELECTRIC ESTATE,314kW Calligraphy 110kWh 5dr AWD Auto [6 Seat],5,84,87,77,83
HYUNDAI,KONA ELECTRIC HATCHBACK,160kW Advance 65kWh 5dr Auto,4,80,83,64,60
HYUNDAI,KONA ELECTRIC HATCHBACK,160kW Advance 65kWh 5dr Auto [Comfort Pack],4,80,83,64,60
HYUNDAI,KONA ELECTRIC HATCHBACK,160kW N Line 65kWh 5dr Auto,4,80,83,64,60
HYUNDAI,KONA ELECTRIC HATCHBACK,160kW N Line S 65kWh 5dr Auto,4,80,83,64,60
HYUNDAI,KONA ELECTRIC HATCHBACK,160kW Ultimate 65kWh 5dr Auto,4,80,83,64,60
JEEP,AVENGER ELECTRIC HATCHBACK,115kW e-Altitude 54kWh 5dr Auto,3,79,70,59,53
JEEP,AVENGER ELECTRIC HATCHBACK,115kW e-Longitude 54kWh 5dr Auto,3,79,70,59,53
JEEP,AVENGER ELECTRIC HATCHBACK,115kW e-Summit 54kWh 5dr Auto,3,79,70,59,53
KIA,EV3 ELECTRIC ESTATE,148kW Air 58.3kWh 5dr Auto,4,83,84,77,67
KIA,EV3 ELECTRIC ESTATE,148kW Air 81.4kWh 5dr Auto,4,83,84,77,67
KIA,EV3 ELECTRIC ESTATE,148kW GT-Line 81.4kWh 5dr Auto,4,83,84,77,67
KIA,EV3 ELECTRIC ESTATE,148kW GT-Line S 81.4kWh 5dr Auto,4,83,84,77,67
KIA,EV6 ELECTRIC ESTATE,125kW Air SR 63kWh 5dr Auto,5,90,86,64,87
KIA,EV6 ELECTRIC ESTATE,168kW Air 84kWh 5dr Auto,5,90,86,64,87
KIA,EV6 ELECTRIC ESTATE,168kW GT Line 84kWh 5dr Auto,5,90,86,64,87
KIA,EV6 ELECTRIC ESTATE,168kW GT Line S 84kWh 5dr Auto,5,90,86,64,87
KIA,EV6 ELECTRIC ESTATE,239kW GT Line 84kWh 5dr AWD Auto,5,90,86,64,87
KIA,EV6 ELECTRIC ESTATE,239kW GT Line S 84kWh 5dr AWD Auto,5,90,86,64,87
KIA,EV6 ELECTRIC ESTATE,478kW GT 84kWh 5dr AWD Auto,5,90,86,64,87
KIA,NIRO EV ESTATE,150kW 2 Nav 65kWh 5dr Auto,4,91,84,75,60
LEAPMOTOR,C10 ELECTRIC ESTATE,160kW 70kWh 5dr Auto [11 kWCh],5,89,85,77,76
LEXUS,RZ ELECTRIC ESTATE,300e 150kW Premium + 71 kWh 5dr Auto,5,87,87,84,81
LEXUS,RZ ELECTRIC ESTATE,"300e 150kW Premium + 71 kWh 5dr Auto [18"" Wheels]",5,87,87,84,81
LEXUS,RZ ELECTRIC ESTATE,"300e 150kW Premium + 71 kWh 5dr Auto [18""/Bi-tone]",5,87,87,84,81
LEXUS,RZ ELECTRIC ESTATE,300e 150kW Premium + 71 kWh 5dr Auto [Bi-tone],5,87,87,84,81
LEXUS,RZ ELECTRIC ESTATE,300e 150kW Premium 71 kWh 5dr Auto,5,87,87,84,81
LEXUS,RZ ELECTRIC ESTATE,"300e 150kW Premium 71 kWh 5dr Auto [20"" Wheels]",5,87,87,84,81
LEXUS,RZ ELECTRIC ESTATE,300e 150kW Takumi 71 kWh 5dr Auto,5,87,87,84,81
LEXUS,RZ ELECTRIC ESTATE,300e 150kW Takumi 71 kWh 5dr Auto [Bi-tone],5,87,87,84,81
LEXUS,RZ ELECTRIC ESTATE,450e 230kW Dir4 Premium + 71 kWh 5dr Auto Bi-tone,5,87,87,84,81
LEXUS,RZ ELECTRIC ESTATE,"450e 230kW Dir4 Premium 71 kWh 5dr Auto 20"" Wheels",5,87,87,84,81
LEXUS,RZ ELECTRIC ESTATE,450e 230kW Dir4 Takumi 71 kWh 5dr Auto [Bi-tone],5,87,87,84,81
LEXUS,RZ ELECTRIC ESTATE,450e 230kW Direct4 Premium + 71 kWh 5dr Auto,5,87,87,84,81
LEXUS,RZ ELECTRIC ESTATE,450e 230kW Direct4 Takumi 71 kWh 5dr Auto,5,87,87,84,81
LEXUS,UX ELECTRIC HATCHBACK,300e 150kW 72.8 kWh Premium 5dr E-CVT,5,96,85,82,77
LEXUS,UX ELECTRIC HATCHBACK,300e 150kW 72.8 kWh Premium Plus 5dr E-CVT,5,96,85,82,77
LEXUS,UX ELECTRIC HATCHBACK,300e 150kW 72.8 kWh Premium Plus Tech 5dr E-CVT,5,96,85,82,77
LEXUS,UX ELECTRIC HATCHBACK,300e 150kW 72.8 kWh Takumi 5dr E-CVT,5,96,85,82,77
LEXUS,UX ELECTRIC HATCHBACK,300e 150kW 72.8 kWh Urban 5dr E-CVT,5,96,85,82,77
MAXUS,MIFA 7 ESTATE,180kW Elite [7 Seat] 77kWh 5dr Auto,5,92,87,81,75
MAXUS,MIFA 7 ESTATE,180kW Luxury [7 Seat] 77kWh 5dr Auto,5,92,87,81,75
MAXUS,MIFA 7 ESTATE,180kW Premium [7 Seat] 90kWh 5dr Auto,5,92,87,81,75
MAXUS,MIFA 9 ESTATE,180kW Elite [7 Seat] 90kWh 5dr Auto,5,93,89,73,83
MAXUS,MIFA 9 ESTATE,180kW Elite [8 Seat] 90kWh 5dr Auto,5,93,89,73,83
MAXUS,MIFA 9 ESTATE,180kW Luxury [7 Seat] 90kWh 5dr Auto,5,93,89,73,83
MAXUS,MIFA 9 ESTATE,180kW Luxury [8 Seat] 90kWh 5dr Auto,5,93,89,73,83
MAXUS,MIFA 9 ESTATE,180kW Premium [7 Seat] 90kWh 5dr Auto,5,93,89,73,83
MERCEDES-BENZ,EQA HATCHBACK,EQA 250+ 140kW AMG Line Prem Plus 70.5kWh 5dr Auto,5,97,90,81,75
MERCEDES-BENZ,EQA HATCHBACK,EQA 250+ 140kW AMG Line Premium 70.5kWh 5dr Auto,5,97,90,81,75
MERCEDES-BENZ,EQA HATCHBACK,EQA 250+ 140kW Sport Executive 70.5kWh 5dr Auto,5,97,90,81,75
MERCEDES-BENZ,EQA HATCHBACK,EQA 300 4M 168kW AMG Line Executive 70.5kWh 5dr At,5,97,90,81,75
MERCEDES-BENZ,EQA HATCHBACK,EQA 300 4M 168kW AMG Line Prem Plus 70.5kWh 5dr At,5,97,90,81,75
MERCEDES-BENZ,EQA HATCHBACK,EQA 300 4M 168kW AMG Line Premium 70.5kWh 5dr Auto,5,97,90,81,75
MERCEDES-BENZ,EQA HATCHBACK SPECIAL EDITION,EQA 250+ 140kW Urban Edition 70.5kWh 5dr Auto,5,97,90,81,75
MERCEDES-BENZ,EQB ESTATE,EQB 250+ 140kW AMG Line Prem Plus 70.5kWh 5dr Auto,5,95,91,78,74
MERCEDES-BENZ,EQB ESTATE,EQB 250+ 140kW AMG Line Premium 70.5kWh 5dr Auto,5,95,91,78,74
MERCEDES-BENZ,EQB ESTATE,EQB 250+ 140kW Sport Executive 70.5kWh 5dr Auto,5,95,91,78,74
MERCEDES-BENZ,EQB ESTATE,EQB 300 4M 168kW AMG Line Executive 70.5kWh 5dr At,5,95,91,78,74
MERCEDES-BENZ,EQB ESTATE,EQB 300 4M 168kW AMG Line Prem Plus 70.5kWh 5dr At,5,95,91,78,74
MERCEDES-BENZ,EQB ESTATE,EQB 300 4M 168kW AMG Line Premium 70.5kWh 5dr Auto,5,95,91,78,74
MERCEDES-BENZ,EQB ESTATE SPECIAL EDITION,EQB 250+ 140kW Urban Edition 70.5kWh 5dr Auto,5,95,91,78,74
MERCEDES-BENZ,EQE AMG ESTATE,E53 4Matic+ 460kW Night Ed Premium+ 91kWh 5dr Auto,5,87,90,80,85
MERCEDES-BENZ,EQE AMG ESTATE,E53 4Matic+ 460kW Night Edition 91kWh 5dr Auto,5,87,90,80,85
MERCEDES-BENZ,EQE AMG SALOON,"E53 4Matic+ 460kW Night Ed 91kWh 4dr Auto [20""]",5,95,91,83,81
MERCEDES-BENZ,EQE AMG SALOON,E53 4Matic+ 460kW Night Ed Premium+ 91kWh 4dr Auto,5,95,91,83,81
MERCEDES-BENZ,EQE ESTATE,350 4M 235kW AMG Line Night Ed Prem 91kWh 5dr Auto,5,87,90,80,85
MERCEDES-BENZ,EQE ESTATE,350 4M 235kW AMG Line Night Ed Prem+ 91kWh 5dr At,5,87,90,80,85
MERCEDES-BENZ,EQE ESTATE,350+ 235kW AMG Line Night Ed Prem 96kWh 5dr Auto,5,87,90,80,85
MERCEDES-BENZ,EQE ESTATE,350+ 235kW AMG Line Night Ed Prem+ 96kWh 5dr Auto,5,87,90,80,85
MERCEDES-BENZ,EQE ESTATE,500 4M 330kW AMG Line Night Ed Prem 96kWh 5dr Auto,5,87,90,80,85
MERCEDES-BENZ,EQE ESTATE,500 4M 330kW AMG Line Night Ed Prem+ 96kWh 5dr At,5,87,90,80,85
MERCEDES-BENZ,EQE SALOON,EQE 350+ 235kW AMG Line Edition 96kWh 4dr Auto,5,95,91,83,81
MERCEDES-BENZ,EQE SALOON,EQE 350+ 235kW AMG Line Nt Ed Prem 96kWh 4dr Auto,5,95,91,83,81
MERCEDES-BENZ,EQE SALOON,EQE 350+ 235kW AMG Line Nt Ed Prem+ 96kWh 4dr Auto,5,95,91,83,81
MERCEDES-BENZ,EQE SALOON,EQE 350+ 235kW Sport Edition 96kWh 4dr Auto,5,95,91,83,81
MERCEDES-BENZ,EQE SALOON,EQE 500 4M 330kW AMG Line Edition 91kWh 4dr Auto,5,95,91,83,81
MERCEDES-BENZ,EQE SALOON,EQE 500 4M 330kW AMG Line Nt Ed Prem+ 91kWh 4dr At,5,95,91,83,81
MERCEDES-BENZ,EQE SALOON,EQE 500 4M 330kW AMG Ln Night Ed Prem 91kWh 4dr At,5,95,91,83,81
MERCEDES-BENZ,EQS ESTATE,EQS 450 4M 265kW AMG Line Premium+ 118kWh 5dr Auto,5,96,91,76,80
MERCEDES-BENZ,EQS ESTATE,EQS 450 4M 265kW Business Class 118kWh 5dr Auto,5,96,91,76,80
MERCEDES-BENZ,EQS ESTATE,EQS 580 4M 400kW AMG Line Premium+ 118kWh 5dr Auto,5,96,91,76,80
MERCEDES-BENZ,EQS ESTATE,EQS 580 4M 400kW Business Class 118kWh 5dr Auto,5,96,91,76,80
MERCEDES-BENZ,EQS ESTATE,Maybach 680 484kW 1st Class Night 118kWh 5dr Auto,5,96,91,76,80
MERCEDES-BENZ,EQS ESTATE,Maybach EQS 680 484kW First Class 118kWh 5dr Auto,5,96,91,76,80
MERCEDES-BENZ,EQS SALOON,EQS 350 215kW AMG Line Premium 96kWh 4dr Auto,5,96,91,76,80
MERCEDES-BENZ,EQS SALOON,EQS 350 215kW AMG Line Premium+ 96kWh 4dr Auto,5,96,91,76,80
MERCEDES-BENZ,EQS SALOON,EQS 350 215kW Business Class 96kWh 4dr Auto,5,96,91,76,80
MERCEDES-BENZ,EQS SALOON,EQS 450 4M 265kW AMG Line Premium 118kWh 4dr Auto,5,96,91,76,80
MERCEDES-BENZ,EQS SALOON,EQS 450 4M 265kW AMG Line Premium+ 118kWh 4dr Auto,5,96,91,76,80
MERCEDES-BENZ,EQS SALOON,EQS 450 4M 265kW Business Class 118kWh 4dr Auto,5,96,91,76,80
MERCEDES-BENZ,EQS SALOON,EQS 450+ 265kW AMG Line Premium 118kWh 4dr Auto,5,96,91,76,80
MERCEDES-BENZ,EQS SALOON,EQS 450+ 265kW AMG Line Premium+ 118kWh 4dr Auto,5,96,91,76,80
MERCEDES-BENZ,EQS SALOON,EQS 450+ 265kW Business Class 118kWh 4dr Auto,5,96,91,76,80
MERCEDES-BENZ,G CLASS ELECTRIC STATION WAGON,G 580 432kW EQ Tech AMG Line Prem+ 116kWh 5dr Auto,5,90,83,78,72
MERCEDES-BENZ,GLC ELECTRIC ESTATE,GLC 400 4M 360kW AMG Line Premium 94kWh 5dr Auto,5,96,91,76,80
MERCEDES-BENZ,GLC ELECTRIC ESTATE,GLC 400 4M 360kW AMG Line Premium+ 94kWh 5dr Auto,5,96,91,76,80
MERCEDES-BENZ,GLC ELECTRIC ESTATE,GLC 400 4M 360kW Premier Edition 94kWh 5dr Auto,5,96,91,76,80
MERCEDES-BENZ,GLC ELECTRIC ESTATE,GLC 400 4MATIC 360kW AMG Line 94kWh 5dr Auto,5,96,91,76,80
MERCEDES-BENZ,GLC ELECTRIC ESTATE,GLC 400 4MATIC 360kW Sport 94kWh 5dr Auto,5,96,91,76,80
MG MOTOR UK,IM5 ELECTRIC HATCHBACK,217kW Standard Range 75kWh 5dr Auto,5,89,85,85,87
MG MOTOR UK,IM5 ELECTRIC HATCHBACK,300kW Long Range 100kWh 5dr Auto,5,89,85,85,87
MG MOTOR UK,IM5 ELECTRIC HATCHBACK,553kW Performance 100kWh 5dr Auto,5,89,85,85,87
MG MOTOR UK,MG4 HATCHBACK,125kW SE [Nav] EV 49kWh 5dr Auto,5,83,80,75,78
MG MOTOR UK,MG4 HATCHBACK,150kW SE [Nav] EV Long Range 64kWh 5dr Auto,5,83,80,75,78
MG MOTOR UK,MG4 HATCHBACK,150kW Trophy EV Long Range 64kWh 5dr Auto,5,83,80,75,78
MG MOTOR UK,MG4 HATCHBACK,180kW Trophy EV Extended Range 77kWh 5dr Auto,5,83,80,75,78
MG MOTOR UK,MG4 HATCHBACK,320kW EV XPOWER 64kWh 5dr Auto,5,83,80,75,78
MG MOTOR UK,MGS5 ELECTRIC ESTATE,125kW SE EV 49kWh 5dr Auto,5,90,82,82,78
MG MOTOR UK,MGS5 ELECTRIC ESTATE,170kW SE EV Long Range 64kWh 5dr Auto,5,90,82,82,78
MG MOTOR UK,MGS5 ELECTRIC ESTATE,170kW Trophy EV Long Range 64kWh 5dr Auto,5,90,82,82,78
MG MOTOR UK,MGS6 ELECTRIC ESTATE,180kW SE EV Long Range 77kWh 5dr Auto,5,92,85,84,78
MG MOTOR UK,MGS6 ELECTRIC ESTATE,180kW Trophy EV Long Range 77kWh 5dr Auto,5,92,85,84,78
MG MOTOR UK,MGS6 ELECTRIC ESTATE,266kW Trophy EV Dual Motor 77kWh 5dr Auto,5,92,85,84,78
MINI,ACEMAN ELECTRIC HATCHBACK,135kW E Classic [Level 1] 43kWh 5dr Auto,5,83,87,77,79
MINI,ACEMAN ELECTRIC HATCHBACK,135kW E Classic [Level 2] 43kWh 5dr Auto,5,83,87,77,79
MINI,ACEMAN ELECTRIC HATCHBACK,135kW E Classic 43kWh 5dr Auto,5,83,87,77,79
MINI,ACEMAN ELECTRIC HATCHBACK,135kW E Exclusive [Level 1] 43kWh 5dr Auto,5,83,87,77,79
MINI,ACEMAN ELECTRIC HATCHBACK,135kW E Exclusive [Level 2] 43kWh 5dr Auto,5,83,87,77,79
MINI,ACEMAN ELECTRIC HATCHBACK,135kW E Exclusive 43kWh 5dr Auto,5,83,87,77,79
MINI,ACEMAN ELECTRIC HATCHBACK,135kW E Monochrome 43kWh 5dr Auto,5,83,87,77,79
MINI,ACEMAN ELECTRIC HATCHBACK,135kW E Sport [Level 1] 43kWh 5dr Auto,5,83,87,77,79
MINI,ACEMAN ELECTRIC HATCHBACK,135kW E Sport [Level 2] 43kWh 5dr Auto,5,83,87,77,79
MINI,ACEMAN ELECTRIC HATCHBACK,135kW E Sport [Level 3] 43kWh 5dr Auto,5,83,87,77,79
MINI,ACEMAN ELECTRIC HATCHBACK,135kW E Sport 43kWh 5dr Auto,5,83,87,77,79
MINI,ACEMAN ELECTRIC HATCHBACK,160kW SE Classic [Level 2] 54kWh 5dr Auto,5,83,87,77,79
MINI,ACEMAN ELECTRIC HATCHBACK,160kW SE Classic 54kWh 5dr Auto,5,83,87,77,79
MINI,ACEMAN ELECTRIC HATCHBACK,160kW SE Exclusive [Level 2] 54kWh 5dr Auto,5,83,87,77,79
MINI,ACEMAN ELECTRIC HATCHBACK,160kW SE Exclusive [Level 3] 54kWh 5dr Auto,5,83,87,77,79
MINI,ACEMAN ELECTRIC HATCHBACK,160kW SE Exclusive 54kWh 5dr Auto,5,83,87,77,79
MINI,ACEMAN ELECTRIC HATCHBACK,160kW SE Sport [Level 2] 54kWh 5dr Auto,5,83,87,77,79
MINI,ACEMAN ELECTRIC HATCHBACK,160kW SE Sport [Level 3] 54kWh 5dr Auto,5,83,87,77,79
MINI,ACEMAN ELECTRIC HATCHBACK,160kW SE Sport 54kWh 5dr Auto,5,83,87,77,79
MINI,ACEMAN ELECTRIC HATCHBACK,190kW John Cooper Works [Level 2] 54kWh 5dr Auto,5,83,87,77,79
MINI,ACEMAN ELECTRIC HATCHBACK,190kW John Cooper Works [Level 3] 54kWh 5dr Auto,5,83,87,77,79
MINI,ACEMAN ELECTRIC HATCHBACK,190kW John Cooper Works 54kWh 5dr Auto,5,83,87,77,79
MINI,COOPER ELECTRIC HATCHBACK,135kW E Classic [Level 1] 41kWh 3dr Auto,5,89,87,77,79
MINI,COOPER ELECTRIC HATCHBACK,135kW E Classic [Level 2] 41kWh 3dr Auto,5,89,87,77,79
MINI,COOPER ELECTRIC HATCHBACK,135kW E Classic 41kWh 3dr Auto,5,89,87,77,79
MINI,COOPER ELECTRIC HATCHBACK,135kW E Exclusive [Level 1] 41kWh 3dr Auto,5,89,87,77,79
MINI,COOPER ELECTRIC HATCHBACK,135kW E Exclusive [Level 2] 41kWh 3dr Auto,5,89,87,77,79
MINI,COOPER ELECTRIC HATCHBACK,135kW E Exclusive 41kWh 3dr Auto,5,89,87,77,79
MINI,COOPER ELECTRIC HATCHBACK,135kW E Paul Smith Ed [Level 2] 41kWh 3dr Auto,5,89,87,77,79
MINI,COOPER ELECTRIC HATCHBACK,135kW E Paul Smith Ed [Level 3] 41kWh 3dr Auto,5,89,87,77,79
MINI,COOPER ELECTRIC HATCHBACK,135kW E Paul Smith Edition 41kWh 3dr Auto,5,89,87,77,79
MINI,COOPER ELECTRIC HATCHBACK,135kW E Sport [Level 1] 41kWh 3dr Auto,5,89,87,77,79
MINI,COOPER ELECTRIC HATCHBACK,135kW E Sport [Level 2] 41kWh 3dr Auto,5,89,87,77,79
MINI,COOPER ELECTRIC HATCHBACK,135kW E Sport [Level 3] 41kWh 3dr Auto,5,89,87,77,79
MINI,COOPER ELECTRIC HATCHBACK,135kW E Sport 41kWh 3dr Auto,5,89,87,77,79
MINI,COOPER ELECTRIC HATCHBACK,160kW SE Classic [Level 2] 54kWh 3dr Auto,5,89,87,77,79
MINI,COOPER ELECTRIC HATCHBACK,160kW SE Classic 54kWh 3dr Auto,5,89,87,77,79
MINI,COOPER ELECTRIC HATCHBACK,160kW SE Exclusive [Level 2] 54kWh 3dr Auto,5,89,87,77,79
MINI,COOPER ELECTRIC HATCHBACK,160kW SE Exclusive [Level 3] 54kWh 3dr Auto,5,89,87,77,79
MINI,COOPER ELECTRIC HATCHBACK,160kW SE Exclusive 54kWh 3dr Auto,5,89,87,77,79
MINI,COOPER ELECTRIC HATCHBACK,160kW SE Paul Smith Ed [Level 2] 54kWh 3dr Auto,5,89,87,77,79
MINI,COOPER ELECTRIC HATCHBACK,160kW SE Paul Smith Ed [Level 3] 54kWh 3dr Auto,5,89,87,77,79
MINI,COOPER ELECTRIC HATCHBACK,160kW SE Paul Smith Edition 54kWh 3dr Auto,5,89,87,77,79
MINI,COOPER ELECTRIC HATCHBACK,160kW SE Sport [Level 2] 54kWh 3dr Auto,5,89,87,77,79
MINI,COOPER ELECTRIC HATCHBACK,160kW SE Sport [Level 3] 54kWh 3dr Auto,5,89,87,77,79
MINI,COOPER ELECTRIC HATCHBACK,160kW SE Sport 54kWh 3dr Auto,5,89,87,77,79
MINI,COOPER ELECTRIC HATCHBACK,190kW John Cooper Works [Level 2] 54kWh 3dr Auto,5,89,87,77,79
MINI,COOPER ELECTRIC HATCHBACK,190kW John Cooper Works [Level 3] 54kWh 3dr Auto,5,89,87,77,79
MINI,COOPER ELECTRIC HATCHBACK,190kW John Cooper Works 54kWh 3dr Auto,5,89,87,77,79
MINI,COUNTRYMAN ELECTRIC HATCHBACK,150kW E Classic [Level 1] 66kWh 5dr Auto,5,83,87,81,79
MINI,COUNTRYMAN ELECTRIC HATCHBACK,150kW E Classic [Level 2] 66kWh 5dr Auto,5,83,87,81,79
MINI,COUNTRYMAN ELECTRIC HATCHBACK,150kW E Classic 66kWh 5dr Auto,5,83,87,81,79
MINI,COUNTRYMAN ELECTRIC HATCHBACK,150kW E Exclusive [Level 1] 66kWh 5dr Auto,5,83,87,81,79
MINI,COUNTRYMAN ELECTRIC HATCHBACK,150kW E Exclusive [Level 2] 66kWh 5dr Auto,5,83,87,81,79
MINI,COUNTRYMAN ELECTRIC HATCHBACK,150kW E Exclusive [Level 3] 66kWh 5dr Auto,5,83,87,81,79
MINI,COUNTRYMAN ELECTRIC HATCHBACK,150kW E Exclusive 66kWh 5dr Auto,5,83,87,81,79
MINI,COUNTRYMAN ELECTRIC HATCHBACK,150kW E Monochrome 66kWh 5dr Auto,5,83,87,81,79
MINI,COUNTRYMAN ELECTRIC HATCHBACK,150kW E Sport [Level 1] 66kWh 5dr Auto,5,83,87,81,79
MINI,COUNTRYMAN ELECTRIC HATCHBACK,150kW E Sport [Level 2] 66kWh 5dr Auto,5,83,87,81,79
MINI,COUNTRYMAN ELECTRIC HATCHBACK,150kW E Sport [Level 3] 66kWh 5dr Auto,5,83,87,81,79
MINI,COUNTRYMAN ELECTRIC HATCHBACK,150kW E Sport 66kWh 5dr Auto,5,83,87,81,79
MINI,COUNTRYMAN ELECTRIC HATCHBACK,230kW SE Classic [Level 1] ALL4 66kWh 5dr Auto,5,83,87,81,79
MINI,COUNTRYMAN ELECTRIC HATCHBACK,230kW SE Classic [Level 2] ALL4 66kWh 5dr Auto,5,83,87,81,79
MINI,COUNTRYMAN ELECTRIC HATCHBACK,230kW SE Classic ALL4 66kWh 5dr Auto,5,83,87,81,79
MINI,COUNTRYMAN ELECTRIC HATCHBACK,230kW SE Exclusive [Level 1] ALL4 66kWh 5dr Auto,5,83,87,81,79
MINI,COUNTRYMAN ELECTRIC HATCHBACK,230kW SE Exclusive [Level 2] ALL4 66kWh 5dr Auto,5,83,87,81,79
MINI,COUNTRYMAN ELECTRIC HATCHBACK,230kW SE Exclusive [Level 3] ALL4 66kWh 5dr Auto,5,83,87,81,79
MINI,COUNTRYMAN ELECTRIC HATCHBACK,230kW SE Exclusive ALL4 66kWh 5dr Auto,5,83,87,81,79
MINI,COUNTRYMAN ELECTRIC HATCHBACK,230kW SE Sport [Level 1] ALL4 66kWh 5dr Auto,5,83,87,81,79
MINI,COUNTRYMAN ELECTRIC HATCHBACK,230kW SE Sport [Level 2] ALL4 66kWh 5dr Auto,5,83,87,81,79
MINI,COUNTRYMAN ELECTRIC HATCHBACK,230kW SE Sport [Level 3] ALL4 66kWh 5dr Auto,5,83,87,81,79
MINI,COUNTRYMAN ELECTRIC HATCHBACK,230kW SE Sport ALL4 66kWh 5dr Auto,5,83,87,81,79
NISSAN,ARIYA ELECTRIC HATCHBACK,160kW Advance 63kWh 22kWCh 5dr Auto,5,86,89,74,93
NISSAN,ARIYA ELECTRIC HATCHBACK,160kW Advance 63kWh 22kWCh 5dr Auto [Sky Pack],5,86,89,74,93
NISSAN,ARIYA ELECTRIC HATCHBACK,160kW Advance 63kWh 5dr Auto,5,86,89,74,93
NISSAN,ARIYA ELECTRIC HATCHBACK,160kW Advance 63kWh 5dr Auto [Sky Pack],5,86,89,74,93
NISSAN,ARIYA ELECTRIC HATCHBACK,160kW Evolve 63kWh 22kWCh 5dr Auto,5,86,89,74,93
NISSAN,ARIYA ELECTRIC HATCHBACK,160kW Evolve 63kWh 22kWCh 5dr Auto [Sport Pack],5,86,89,74,93
NISSAN,ARIYA ELECTRIC HATCHBACK,160kW Evolve 63kWh 5dr Auto,5,86,89,74,93
NISSAN,ARIYA ELECTRIC HATCHBACK,160kW Evolve 63kWh 5dr Auto [Nappa Leather],5,86,89,74,93
NISSAN,ARIYA ELECTRIC HATCHBACK,160kW Evolve 63kWh 5dr Auto [Sport Pack],5,86,89,74,93
NISSAN,ARIYA ELECTRIC HATCHBACK,178kW Advance 87kWh 22kWCh 5dr Auto,5,86,89,74,93
NISSAN,ARIYA ELECTRIC HATCHBACK,178kW Advance 87kWh 22kWCh 5dr Auto [Sky Pack],5,86,89,74,93
NISSAN,ARIYA ELECTRIC HATCHBACK,178kW Evolve 87kWh 22kWCh 5dr Auto,5,86,89,74,93
NISSAN,ARIYA ELECTRIC HATCHBACK,178kW Evolve 87kWh 22kWCh 5dr Auto [Leather],5,86,89,74,93
NISSAN,ARIYA ELECTRIC HATCHBACK,178kW Evolve 87kWh 22kWCh 5dr Auto [Sport Pack],5,86,89,74,93
NISSAN,ARIYA ELECTRIC HATCHBACK,225kW Advance 87kWh 22kWCh 5dr e-4ORCE Auto,5,86,89,74,93
NISSAN,ARIYA ELECTRIC HATCHBACK,225kW Advance 87kWh 22kWCh 5dr e-4ORCE Auto [Sky],5,86,89,74,93
NISSAN,ARIYA ELECTRIC HATCHBACK,225kW Evolve 87kWh 22kWCh 5dr e-4ORCE Auto,5,86,89,74,93
NISSAN,ARIYA ELECTRIC HATCHBACK,225kW Evolve 87kWh 22kWCh 5dr e-4ORCE Auto [Lthr],5,86,89,74,93
NISSAN,ARIYA ELECTRIC HATCHBACK,225kW Evolve 87kWh 22kWCh 5dr e-4ORCE Auto[SprtPk],5,86,89,74,93
NISSAN,ARIYA ELECTRIC HATCHBACK SPECIAL EDITIONS,160kW Shiro 63kWh 5dr Auto,5,86,89,74,93
OMODA,5 ELECTRIC ESTATE,155kW Knight 61kWh 5dr Auto,5,87,87,68,88
OMODA,5 ELECTRIC ESTATE,155kW Noble 61kWh 5dr Auto,5,87,87,68,88
PEUGEOT,E-3008 ELECTRIC ESTATE,157kW Allure 73kWh 5dr Auto,4,80,85,79,62
PEUGEOT,E-3008 ELECTRIC ESTATE,157kW Allure Premium 73kWh 5dr Auto,4,80,85,79,62
PEUGEOT,E-3008 ELECTRIC ESTATE,157kW GT 73kWh 5dr Auto,4,80,85,79,62
PEUGEOT,E-3008 ELECTRIC ESTATE,157kW GT Premium 73kWh 5dr Auto,4,80,85,79,62
PEUGEOT,E-3008 ELECTRIC ESTATE,169kW Long Range Allure 97kWh 5dr Auto,4,80,85,79,62
PEUGEOT,E-3008 ELECTRIC ESTATE,169kW Long Range GT 97kWh 5dr Auto,4,80,85,79,62
PEUGEOT,E-3008 ELECTRIC ESTATE,169kW Long Range GT Premium 97kWh 5dr Auto,4,80,85,79,62
PEUGEOT,E-3008 ELECTRIC ESTATE,239kW Dual Motor GT 73kWh 5dr Auto,4,80,85,79,62
PEUGEOT,E-3008 ELECTRIC ESTATE,239kW Dual Motor GT Premium 73kWh 5dr Auto,4,80,85,79,62
PEUGEOT,E-5008 ELECTRIC ESTATE,157kW Allure 73kWh 5dr Auto,4,80,85,79,62
PEUGEOT,E-5008 ELECTRIC ESTATE,157kW Allure Premium 73kWh 5dr Auto,4,80,85,79,62
PEUGEOT,E-5008 ELECTRIC ESTATE,157kW GT 73kWh 5dr Auto,4,80,85,79,62
PEUGEOT,E-5008 ELECTRIC ESTATE,157kW GT Premium 73kWh 5dr Auto,4,80,85,79,62
PEUGEOT,E-5008 ELECTRIC ESTATE,170kW Long Range Allure 97kWh 5dr Auto,4,80,85,79,62
PEUGEOT,E-5008 ELECTRIC ESTATE,170kW Long Range GT 97kWh 5dr Auto,4,80,85,79,62
PEUGEOT,E-5008 ELECTRIC ESTATE,170kW Long Range GT Premium 97kWh 5dr Auto,4,80,85,79,62
PEUGEOT,E-5008 ELECTRIC ESTATE,239kW Dual Motor GT 73kWh 5dr Auto,4,80,85,79,62
PEUGEOT,E-5008 ELECTRIC ESTATE,239kW Dual Motor GT Premium 73kWh 5dr Auto,4,80,85,79,62
POLESTAR,2 FASTBACK,200kW 70kWh Standard Range SM Prime [Pro] 5dr Auto,5,93,89,80,83
POLESTAR,2 FASTBACK,200kW 70kWh Standard Range SM Prime 5dr Auto,5,93,89,80,83
POLESTAR,2 FASTBACK,220kW 82kWh Long Range Single motor Prime 5dr Auto,5,93,89,80,83
POLESTAR,2 FASTBACK,220kW 82kWh Long Range SM Prime [Pro] 5dr Auto,5,93,89,80,83
POLESTAR,2 FASTBACK,310kW 82kWh Long Range DM Prime [Pro] 5dr 4WD Auto,5,93,89,80,83
POLESTAR,2 FASTBACK,310kW 82kWh Long Range DM Prime 5dr 4WD Auto,5,93,89,80,83
POLESTAR,2 FASTBACK,350kW 82kWh LR DM Prime [Performance] 5dr 4WD Auto,5,93,89,80,83
POLESTAR,3 ESTATE,245kW 92kWh Rear Motor 5dr Auto,5,90,93,79,83
POLESTAR,3 ESTATE,245kW 92kWh Rear Motor Plus [Pilot] 5dr Auto,5,90,93,79,83
POLESTAR,3 ESTATE,245kW 92kWh Rear Motor Plus 5dr Auto,5,90,93,79,83
POLESTAR,3 ESTATE,245kW 92kWh Rear Motor Prime 5dr Auto,5,90,93,79,83
POLESTAR,3 ESTATE,400kW 106kWh Dual Motor 5dr Auto,5,90,93,79,83
POLESTAR,3 ESTATE,400kW 106kWh Dual Motor Plus [Pilot] 5dr Auto,5,90,93,79,83
POLESTAR,3 ESTATE,400kW 106kWh Dual Motor Plus 5dr Auto,5,90,93,79,83
POLESTAR,3 ESTATE,400kW 106kWh Dual Motor Prime 5dr Auto,5,90,93,79,83
POLESTAR,3 ESTATE,500kW 106kWh Performance Prime 5dr Auto,5,90,93,79,83
POLESTAR,4 ESTATE,200kW 100kWh Long Range Single Motor 5dr Auto,5,92,85,81,79
POLESTAR,4 ESTATE,200kW 100kWh Long Range Single Motor Plus 5dr Auto,5,92,85,81,79
POLESTAR,4 ESTATE,200kW 100kWh LR Single Motor [Pilot] 5dr Auto,5,92,85,81,79
POLESTAR,4 ESTATE,200kW 100kWh LR Single Motor [Pro] 5dr Auto,5,92,85,81,79
POLESTAR,4 ESTATE,200kW 100kWh LR Single Motor Plus [Pilot] 5dr Auto,5,92,85,81,79
POLESTAR,4 ESTATE,200kW 100kWh LR Single Motor Plus [Pro] 5dr Auto,5,92,85,81,79
POLESTAR,4 ESTATE,200kW 100kWh LR Single Motor Prime [Pro] 5dr Auto,5,92,85,81,79
POLESTAR,4 ESTATE,200kW 100kWh LR Single Motor Prime 5dr Auto,5,92,85,81,79
POLESTAR,4 ESTATE,200kW 100kWh LR SM [Pilot/Pro] 5dr Auto,5,92,85,81,79
POLESTAR,4 ESTATE,200kW 100kWh LR SM Plus [Pilot/Pro] 5dr Auto,5,92,85,81,79
POLESTAR,4 ESTATE,400kW 100kWh Long Range Dual Motor Plus 5dr Auto,5,92,85,81,79
POLESTAR,4 ESTATE,400kW 100kWh Long Range Dual Motor Prime 5dr Auto,5,92,85,81,79
POLESTAR,4 ESTATE,400kW 100kWh LR DM Plus [Performance] 5dr Auto,5,92,85,81,79
POLESTAR,4 ESTATE,400kW 100kWh LR DM Plus [Pilot/Perform] 5dr Auto,5,92,85,81,79
POLESTAR,4 ESTATE,400kW 100kWh LR DM Plus [Pilot/Pro] 5dr Auto,5,92,85,81,79
POLESTAR,4 ESTATE,400kW 100kWh LR DM Prime [Performance] 5dr Auto,5,92,85,81,79
POLESTAR,4 ESTATE,400kW 100kWh LR Dual Motor Plus [Pilot] 5dr Auto,5,92,85,81,79
POLESTAR,4 ESTATE,400kW 100kWh LR Dual Motor Plus [Pro] 5dr Auto,5,92,85,81,79
POLESTAR,4 ESTATE,400kW 100kWh LR Dual Motor Prime [Pro] 5dr Auto,5,92,85,81,79
PORSCHE,MACAN ELECTRIC ESTATE,265kW 100kWh 5dr Auto,5,90,90,83,78
PORSCHE,MACAN ELECTRIC ESTATE,265kW 100kWh 5dr Auto [Lux Pack],5,90,90,83,78
PORSCHE,MACAN ELECTRIC ESTATE,300kW 4 100kWh 5dr Auto,5,90,90,83,78
PORSCHE,MACAN ELECTRIC ESTATE,300kW 4 100kWh 5dr Auto [Lux Pack],5,90,90,83,78
PORSCHE,MACAN ELECTRIC ESTATE,380kW 4S 100kWh 5dr Auto,5,90,90,83,78
PORSCHE,MACAN ELECTRIC ESTATE,420kW GTS 100kWh 5dr Auto,5,90,90,83,78
PORSCHE,MACAN ELECTRIC ESTATE,470kW Turbo 100kWh 5dr Auto,5,90,90,83,78
RENAULT,4 E-TECH ESTATE,110kW Evolution 52kWh Comfort range 5dr Auto,4,79,85,73,68
RENAULT,4 E-TECH ESTATE,110kW Evolution+ 52kWh Comfort range 5dr Auto,4,79,85,73,68
RENAULT,4 E-TECH ESTATE,110kW Iconic 52kWh Comfort range 5dr Auto,4,79,85,73,68
RENAULT,4 E-TECH ESTATE,110kW Iconic+ 52kWh Comfort range 5dr Auto,4,79,85,73,68
RENAULT,4 E-TECH ESTATE,110kW Techno 52kWh Comfort range 5dr Auto,4,79,85,73,68
RENAULT,4 E-TECH ESTATE,110kW Techno+ 52kWh Comfort range 5dr Auto,4,79,85,73,68
RENAULT,5 E-TECH HATCHBACK,110kW Iconic Five + Comfort Range 52kWh 5dr Auto,4,80,80,76,68
RENAULT,5 E-TECH HATCHBACK,110kW Iconic Five Comfort Range 52kWh 5dr Auto,4,80,80,76,68
RENAULT,5 E-TECH HATCHBACK,110kW Roland Garros + Comfort Range 52kWh 5dr Auto,4,80,80,76,68
RENAULT,5 E-TECH HATCHBACK,110kW Roland Garros Comfort Range 52kWh 5dr Auto,4,80,80,76,68
RENAULT,5 E-TECH HATCHBACK,110kW Techno + Comfort Range 52kWh 5dr Auto,4,80,80,76,68
RENAULT,5 E-TECH HATCHBACK,110kW Techno Comfort Range 52kWh 5dr Auto,4,80,80,76,68
RENAULT,5 E-TECH HATCHBACK,90kW Evolution Urban Range 40kWh 5dr Auto,4,80,80,76,68
RENAULT,5 E-TECH HATCHBACK,90kW Iconic Five Urban Range 40kWh 5dr Auto,4,80,80,76,68
RENAULT,5 E-TECH HATCHBACK,90kW Techno Urban Range 40kWh 5dr Auto,4,80,80,76,68
RENAULT,MEGANE E-TECH HATCHBACK,EV60 160kW Iconic Esprit Alpine 60kWh 5dr Auto,5,85,88,65,79
RENAULT,MEGANE E-TECH HATCHBACK,"EV60 160kW Techno 60kWh 5dr Auto [18"" Alloy]",5,85,88,65,79
RENAULT,MEGANE E-TECH HATCHBACK,EV60 160kW Techno Esprit Alpine 60kWh 5dr Auto,5,85,88,65,79
RENAULT,SCENIC E-TECH ELECTRIC ESTATE,160kW Iconic Esprit Alpine 87kWh Long Range 5dr AT,5,88,89,77,85
RENAULT,SCENIC E-TECH ELECTRIC ESTATE,160kW Techno 87kWh Long Range 5dr Auto,5,88,89,77,85
RENAULT,SCENIC E-TECH ELECTRIC ESTATE,160kW Techno Esprit Alpine 87kWh Long Range 5dr AT,5,88,89,77,85
SKODA,ENYAQ COUPE,210kW 85 Edition 82kWh 5dr Auto,5,,,,
SKODA,ENYAQ COUPE,210kW 85 Edition 82kWh 5dr Auto [Advanced],5,,,,
SKODA,ENYAQ COUPE,210kW 85 Edition 82kWh 5dr Auto [Lodge/Advanced],5,,,,
SKODA,ENYAQ COUPE,210kW 85 Edition 82kWh 5dr Auto [Lodge/Maxx],5,,,,
SKODA,ENYAQ COUPE,210kW 85 Edition 82kWh 5dr Auto [Lodge],5,,,,
SKODA,ENYAQ COUPE,210kW 85 Edition 82kWh 5dr Auto [Lounge/Advanced],5,,,,
SKODA,ENYAQ COUPE,210kW 85 Edition 82kWh 5dr Auto [Lounge/Maxx],5,,,,
SKODA,ENYAQ COUPE,210kW 85 Edition 82kWh 5dr Auto [Lounge],5,,,,
SKODA,ENYAQ COUPE,210kW 85 Edition 82kWh 5dr Auto [Maxx],5,,,,
SKODA,ENYAQ COUPE,210kW 85 Edition 82kWh 5dr Auto [Suite/Advanced],5,,,,
SKODA,ENYAQ COUPE,210kW 85 Edition 82kWh 5dr Auto [Suite/Maxx],5,,,,
SKODA,ENYAQ COUPE,210kW 85 Edition 82kWh 5dr Auto [Suite],5,,,,
SKODA,ENYAQ COUPE,210kW 85 Sportline 82kWh 5dr Auto,5,,,,
SKODA,ENYAQ COUPE,210kW 85 Sportline 82kWh 5dr Auto [Maxx],5,,,,
SKODA,ENYAQ COUPE,210kW 85x Sportline 82kWh 4x4 5dr Auto,5,,,,
SKODA,ENYAQ COUPE,210kW 85x Sportline 82kWh 4x4 5dr Auto [Maxx],5,,,,
SKODA,ENYAQ COUPE,250kW vRS 84kWh 4x4 5dr Auto,5,,,,
SKODA,ENYAQ ESTATE,150kW 60 Edition 63kWh 5dr Auto,5,,,,
SKODA,ENYAQ ESTATE,150kW 60 Edition 63kWh 5dr Auto [Advanced],5,,,,
SKODA,ENYAQ ESTATE,150kW 60 Edition 63kWh 5dr Auto [Lodge/Advanced],5,,,,
SKODA,ENYAQ ESTATE,150kW 60 Edition 63kWh 5dr Auto [Lodge/Maxx],5,,,,
SKODA,ENYAQ ESTATE,150kW 60 Edition 63kWh 5dr Auto [Lodge],5,,,,
SKODA,ENYAQ ESTATE,150kW 60 Edition 63kWh 5dr Auto [Lounge/Advanced],5,,,,
SKODA,ENYAQ ESTATE,150kW 60 Edition 63kWh 5dr Auto [Lounge/Maxx],5,,,,
SKODA,ENYAQ ESTATE,150kW 60 Edition 63kWh 5dr Auto [Lounge],5,,,,
SKODA,ENYAQ ESTATE,150kW 60 Edition 63kWh 5dr Auto [Maxx],5,,,,
SKODA,ENYAQ ESTATE,150kW 60 Edition 63kWh 5dr Auto [Suite/Advanced],5,,,,
SKODA,ENYAQ ESTATE,150kW 60 Edition 63kWh 5dr Auto [Suite/Maxx],5,,,,
SKODA,ENYAQ ESTATE,150kW 60 Edition 63kWh 5dr Auto [Suite],5,,,,
SKODA,ENYAQ ESTATE,150kW 60 SE L 63kWh 5dr Auto,5,,,,
SKODA,ENYAQ ESTATE,150kW 60 SE L 63kWh 5dr Auto [Lodge],5,,,,
SKODA,ENYAQ ESTATE,150kW 60 SE L 63kWh 5dr Auto [Lounge],5,,,,
SKODA,ENYAQ ESTATE,150kW 60 SE L 63kWh 5dr Auto [Plus/Lodge],5,,,,
SKODA,ENYAQ ESTATE,150kW 60 SE L 63kWh 5dr Auto [Plus/Lounge],5,,,,
SKODA,ENYAQ ESTATE,150kW 60 SE L 63kWh 5dr Auto [Plus/Suite],5,,,,
SKODA,ENYAQ ESTATE,150kW 60 SE L 63kWh 5dr Auto [Plus],5,,,,
SKODA,ENYAQ ESTATE,150kW 60 SE L 63kWh 5dr Auto [Suite],5,,,,
SKODA,ENYAQ ESTATE,210kW 85 Edition 82kWh 5dr Auto,5,,,,
SKODA,ENYAQ ESTATE,210kW 85 Edition 82kWh 5dr Auto [Advanced],5,,,,
SKODA,ENYAQ ESTATE,210kW 85 Edition 82kWh 5dr Auto [Lodge/Advanced],5,,,,
SKODA,ENYAQ ESTATE,210kW 85 Edition 82kWh 5dr Auto [Lodge/Maxx],5,,,,
SKODA,ENYAQ ESTATE,210kW 85 Edition 82kWh 5dr Auto [Lodge],5,,,,
SKODA,ENYAQ ESTATE,210kW 85 Edition 82kWh 5dr Auto [Lounge/Advanced],5,,,,
SKODA,ENYAQ ESTATE,210kW 85 Edition 82kWh 5dr Auto [Lounge/Maxx],5,,,,
SKODA,ENYAQ ESTATE,210kW 85 Edition 82kWh 5dr Auto [Lounge],5,,,,
SKODA,ENYAQ ESTATE,210kW 85 Edition 82kWh 5dr Auto [Maxx],5,,,,
SKODA,ENYAQ ESTATE,210kW 85 Edition 82kWh 5dr Auto [Suite/Advanced],5,,,,
SKODA,ENYAQ ESTATE,210kW 85 Edition 82kWh 5dr Auto [Suite/Maxx],5,,,,
SKODA,ENYAQ ESTATE,210kW 85 Edition 82kWh 5dr Auto [Suite],5,,,,
SKODA,ENYAQ ESTATE,210kW 85 SE L 82kWh 5dr Auto,5,,,,
SKODA,ENYAQ ESTATE,210kW 85 SE L 82kWh 5dr Auto [Lodge],5,,,,
SKODA,ENYAQ ESTATE,210kW 85 SE L 82kWh 5dr Auto [Lounge],5,,,,
SKODA,ENYAQ ESTATE,210kW 85 SE L 82kWh 5dr Auto [Plus/Lodge],5,,,,
SKODA,ENYAQ ESTATE,210kW 85 SE L 82kWh 5dr Auto [Plus/Lounge],5,,,,
SKODA,ENYAQ ESTATE,210kW 85 SE L 82kWh 5dr Auto [Plus/Suite],5,,,,
SKODA,ENYAQ ESTATE,210kW 85 SE L 82kWh 5dr Auto [Plus],5,,,,
SKODA,ENYAQ ESTATE,210kW 85 SE L 82kWh 5dr Auto [Suite],5,,,,
SKODA,ENYAQ ESTATE,210kW 85 Sportline 82kWh 5dr Auto,5,,,,
SKODA,ENYAQ ESTATE,210kW 85 Sportline 82kWh 5dr Auto [Maxx],5,,,,
SKODA,ENYAQ ESTATE,210kW 85x Sportline 82kWh 4x4 5dr Auto,5,,,,
SKODA,ENYAQ ESTATE,210kW 85x Sportline 82kWh 4x4 5dr Auto [Maxx],5,,,,
SKODA,ENYAQ ESTATE,250kW vRS 84kWh 4x4 5dr Auto,5,,,,
SMART,HASHTAG 1 HATCHBACK,200kW Premium 66kWh 5dr Auto,5,96,89,71,88
SMART,HASHTAG 1 HATCHBACK,200kW Pro + 66kWh 5dr Auto,5,96,89,71,88
SMART,HASHTAG 1 HATCHBACK,200kW Pro 49kWh 5dr Auto,5,96,89,71,88
SMART,HASHTAG 1 HATCHBACK,200kW Pure 49kWh 5dr Auto,5,96,89,71,88
SMART,HASHTAG 1 HATCHBACK,315kW Brabus 66kWh 5dr Auto AWD,5,96,89,71,88
SMART,HASHTAG 3 ESTATE,200kW Premium 66kWh 5dr Auto,5,90,86,84,85
SMART,HASHTAG 3 ESTATE,200kW Pro + 66kWh 5dr Auto,5,90,86,84,85
SMART,HASHTAG 3 ESTATE,200kW Pro 49kWh 5dr Auto,5,90,86,84,85
SMART,HASHTAG 3 ESTATE,315kW Brabus 66kWh 5dr Auto AWD,5,90,86,84,85
SMART,HASHTAG 3 ESTATE SPECIAL EDITIONS,200kW 25th Anniversary Edition 66kWh 5dr Auto,5,90,86,84,85
SMART,HASHTAG 5 ESTATE,250kW Pro 76kWh 5dr Auto,5,88,93,84,92
SMART,HASHTAG 5 ESTATE,267kW Premium 100kWh 5dr Auto,5,88,93,84,92
SMART,HASHTAG 5 ESTATE,267kW Pro+ 100kWh 5dr Auto,5,88,93,84,92
SMART,HASHTAG 5 ESTATE,432kW Pulse 100kWh 5dr Auto AWD,5,88,93,84,92
SMART,HASHTAG 5 ESTATE,432kW Summit Edition 100kWh 5dr Auto AWD,5,88,93,84,92
SMART,HASHTAG 5 ESTATE,475kW Brabus 100kWh 5dr Auto AWD,5,88,93,84,92
SUBARU,SOLTERRA HATCHBACK,150kW Limited 71.4kWh 5dr Auto AWD,5,88,87,79,91
SUBARU,SOLTERRA HATCHBACK,150kW Touring 71.4kWh 5dr Auto AWD,5,88,87,79,91
SUZUKI,e VITARA ESTATE,106kW Motion 49kWh 5dr Auto,4,77,85,79,72
SUZUKI,e VITARA ESTATE,128kW Motion 61kWh 5dr Auto,4,77,85,79,72
SUZUKI,e VITARA ESTATE,128kW Ultra 61kWh 5dr Auto,4,77,85,79,72
SUZUKI,e VITARA ESTATE,135kW Motion ALLGRIP-e 61kWh 5dr Auto,4,77,85,79,72
SUZUKI,e VITARA ESTATE,135kW Ultra ALLGRIP-e 61kWh 5dr Auto,4,77,85,79,72
TESLA,MODEL 3 SALOON,Long Range AWD 85kWh 4dr Auto,5,90,93,89,87
TESLA,MODEL 3 SALOON,Long Range RWD 85kWh 4dr Auto,5,90,93,89,87
TESLA,MODEL 3 SALOON,Performance AWD 85kWh 4dr Auto,5,90,93,89,87
TESLA,MODEL 3 SALOON,RWD 4dr Auto,5,90,93,89,87
TOYOTA,BZ4X ELECTRIC HATCHBACK,150kW Motion 71.4kWh 5dr Auto [11kW],5,88,87,79,91
TOYOTA,BZ4X ELECTRIC HATCHBACK,150kW Motion 71.4kWh 5dr Auto [11kW] Pan/Bi-tone,5,88,87,79,91
TOYOTA,BZ4X ELECTRIC HATCHBACK,150kW Pure 71.4kWh 5dr Auto [11kW],5,88,87,79,91
TOYOTA,BZ4X ELECTRIC HATCHBACK,150kW Vision 71.4kWh 5dr Auto [11kW],5,88,87,79,91
TOYOTA,BZ4X ELECTRIC HATCHBACK,150kW Vision 71.4kWh 5dr Auto [11kW] Pan/Bi-tone,5,88,87,79,91
TOYOTA,BZ4X ELECTRIC HATCHBACK,160kW Motion 71.4kWh 5dr Auto AWD 11kW Pan/Bi-tone,5,88,87,79,91
TOYOTA,BZ4X ELECTRIC HATCHBACK,160kW Vision 71.4kWh 5dr Auto AWD 11kW Pan/Bi-tone,5,88,87,79,91
TOYOTA,URBAN CRUISER ELECTRIC ESTATE,106kW Icon 49kWh 5dr Auto,4,77,85,79,72
TOYOTA,URBAN CRUISER ELECTRIC ESTATE,128kW Design 61kWh 5dr Auto,4,77,85,79,72
TOYOTA,URBAN CRUISER ELECTRIC ESTATE,128kW Excel 61kWh 5dr Auto,4,77,85,79,72
TOYOTA,URBAN CRUISER ELECTRIC ESTATE,128kW Excel 61kWh 5dr Auto [Bi-tone],4,77,85,79,72
VAUXHALL,ASTRA ELECTRIC HATCHBACK,115kW Griffin [Tech Pack] 54kWh 5dr Auto,4,80,82,67,66
VAUXHALL,ASTRA ELECTRIC HATCHBACK,115kW GS 54kWh 5dr Auto,4,80,82,67,66
VAUXHALL,ASTRA ELECTRIC HATCHBACK,115kW Ultimate 54kWh 5dr Auto,4,80,82,67,66
VAUXHALL,ASTRA ELECTRIC SPORTS TOURER,115kW Griffin [Tech Pack] 54kWh 5dr Auto,4,80,82,67,66
VAUXHALL,ASTRA ELECTRIC SPORTS TOURER,115kW GS 54kWh 5dr Auto,4,80,82,67,66
VAUXHALL,ASTRA ELECTRIC SPORTS TOURER,115kW Ultimate 54kWh 5dr Auto,4,80,82,67,66
VAUXHALL,CORSA ELECTRIC HATCHBACK,100kW GS 50kWh 5dr Auto,4,,,,
VAUXHALL,CORSA ELECTRIC HATCHBACK,100kW Ultimate [Intelli-LED] 50kWh 5dr Auto,4,,,,
VAUXHALL,CORSA ELECTRIC HATCHBACK,100kW Ultimate [Intelli-LED] 50kWh 5dr Auto [NI],4,,,,
VAUXHALL,CORSA ELECTRIC HATCHBACK,115kW GS 51kWh 5dr Auto,4,,,,
VAUXHALL,CORSA ELECTRIC HATCHBACK,115kW Ultimate [Intelli-LED] 51kWh 5dr Auto,4,,,,
VAUXHALL,CORSA ELECTRIC HATCHBACK,115kW Ultimate [Intelli-LED] 51kWh 5dr Auto [NI],4,,,,
VAUXHALL,CORSA ELECTRIC HATCHBACK SPECIAL EDITIONS,100kW Yes 50kWh 5dr Auto [Winter Pack],4,,,,
VAUXHALL,CORSA ELECTRIC HATCHBACK SPECIAL EDITIONS,115kW Yes 51kWh 5dr Auto [Winter Pack],4,,,,
VAUXHALL,GRANDLAND ELECTRIC HATCHBACK,157kW Design 73kWh 5dr Auto,4,80,85,79,62
VAUXHALL,GRANDLAND ELECTRIC HATCHBACK,157kW GS [Intelli-LED] 73kWh 5dr Auto,4,80,85,79,62
VAUXHALL,GRANDLAND ELECTRIC HATCHBACK,157kW Ultimate 73kWh 5dr Auto [Fixed Roof],4,80,85,79,62
VAUXHALL,GRANDLAND ELECTRIC HATCHBACK,170kW Design 97kWh 5dr Auto,4,82,85,79,62
VAUXHALL,GRANDLAND ELECTRIC HATCHBACK,170kW GS [Intelli-LED] 97kWh 5dr Auto,4,80,85,79,62
VAUXHALL,GRANDLAND ELECTRIC HATCHBACK,170kW Ultimate 97kWh 5dr Auto [Fixed Roof],4,80,85,79,62
VAUXHALL,GRANDLAND ELECTRIC HATCHBACK,239kW AWD GS [Intelli-LED] 73kWh 5dr Auto,4,80,85,79,62
VAUXHALL,GRANDLAND ELECTRIC HATCHBACK,239kW AWD Ultimate 73kWh 5dr Auto [Fixed Roof],4,80,85,79,62
VOLKSWAGEN,ID. BUZZ ESTATE,210kW Life Pro 79kWh 5dr Auto,5,84,85,70,73
VOLKSWAGEN,ID. BUZZ ESTATE,210kW Life Pro 79kWh 5dr Auto [6 Seat/Info+],5,84,85,70,73
VOLKSWAGEN,ID. BUZZ ESTATE,210kW Life Pro 79kWh 5dr Auto [6 Seat],5,84,85,70,73
VOLKSWAGEN,ID. BUZZ ESTATE,210kW Life Pro 79kWh 5dr Auto [Infotainment+],5,84,85,70,73
VOLKSWAGEN,ID. BUZZ ESTATE,210kW Life Pro 86kWh 5dr LWB Auto [6 Seat/Info+],5,84,85,70,73
VOLKSWAGEN,ID. BUZZ ESTATE,210kW Life Pro 86kWh 5dr LWB Auto [6 Seat],5,84,85,70,73
VOLKSWAGEN,ID. BUZZ ESTATE,210kW Life Pro 86kWh 5dr LWB Auto [7 Seat/Info+],5,84,85,70,73
VOLKSWAGEN,ID. BUZZ ESTATE,210kW Life Pro 86kWh 5dr LWB Auto [7 Seat],5,84,85,70,73
VOLKSWAGEN,ID. BUZZ ESTATE,210kW Style Pro 79kWh 5dr Auto,5,84,85,70,73
VOLKSWAGEN,ID. BUZZ ESTATE,210kW Style Pro 79kWh 5dr Auto [6 Seat/Comf],5,84,85,70,73
VOLKSWAGEN,ID. BUZZ ESTATE,210kW Style Pro 79kWh 5dr Auto [6 Seat/Design+],5,84,85,70,73
VOLKSWAGEN,ID. BUZZ ESTATE,210kW Style Pro 79kWh 5dr Auto [6 Seat],5,84,85,70,73
VOLKSWAGEN,ID. BUZZ ESTATE,210kW Style Pro 79kWh 5dr Auto [6 St/Design+/Comf],5,84,85,70,73
VOLKSWAGEN,ID. BUZZ ESTATE,210kW Style Pro 79kWh 5dr Auto [Comfort Seat],5,84,85,70,73
VOLKSWAGEN,ID. BUZZ ESTATE,210kW Style Pro 79kWh 5dr Auto [Design+/Comf],5,84,85,70,73
VOLKSWAGEN,ID. BUZZ ESTATE,210kW Style Pro 79kWh 5dr Auto [Design+],5,84,85,70,73
VOLKSWAGEN,ID. BUZZ ESTATE,210kW Style Pro 86kWh 5dr LWB At 6St/Comf/Design+,5,84,85,70,73
VOLKSWAGEN,ID. BUZZ ESTATE,210kW Style Pro 86kWh 5dr LWB At 7St/Comf/Design+,5,84,85,70,73
VOLKSWAGEN,ID. BUZZ ESTATE,210kW Style Pro 86kWh 5dr LWB Auto [6 Seat/Comf],5,84,85,70,73
VOLKSWAGEN,ID. BUZZ ESTATE,210kW Style Pro 86kWh 5dr LWB Auto [6 Seat],5,84,85,70,73
VOLKSWAGEN,ID. BUZZ ESTATE,210kW Style Pro 86kWh 5dr LWB Auto [6St/Design+],5,84,85,70,73
VOLKSWAGEN,ID. BUZZ ESTATE,210kW Style Pro 86kWh 5dr LWB Auto [7 Seat/Comf],5,84,85,70,73
VOLKSWAGEN,ID. BUZZ ESTATE,210kW Style Pro 86kWh 5dr LWB Auto [7 Seat],5,84,85,70,73
VOLKSWAGEN,ID. BUZZ ESTATE,210kW Style Pro 86kWh 5dr LWB Auto [7St/Design+],5,84,85,70,73
VOLKSWAGEN,ID. BUZZ ESTATE,250kW GTX Pro 79kWh 5dr 4MOTION Auto,5,84,85,70,73
VOLKSWAGEN,ID. BUZZ ESTATE,250kW GTX Pro 79kWh 5dr 4MOTION Auto [6 Seat],5,84,85,70,73
VOLKSWAGEN,ID. BUZZ ESTATE,250kW GTX Pro 86kWh 5dr 4MOTION LWB Auto [6 Seat],5,84,85,70,73
VOLKSWAGEN,ID. BUZZ ESTATE,250kW GTX Pro 86kWh 5dr 4MOTION LWB Auto [7 Seat],5,84,85,70,73
VOLKSWAGEN,ID.3 HATCHBACK,125kW Essential Pure 52kWh 5dr Auto,5,87,89,71,88
VOLKSWAGEN,ID.3 HATCHBACK,125kW Match Pure 52kWh 5dr Auto,5,87,89,71,88
VOLKSWAGEN,ID.3 HATCHBACK,125kW Match Pure 52kWh 5dr Auto [Comfort/Pan Roof],5,87,89,71,88
VOLKSWAGEN,ID.3 HATCHBACK,125kW Match Pure 52kWh 5dr Auto [Comfort],5,87,89,71,88
VOLKSWAGEN,ID.3 HATCHBACK,125kW Match Pure 52kWh 5dr Auto [Pan Roof],5,87,89,71,88
VOLKSWAGEN,ID.3 HATCHBACK,150kW Match Pro 59kWh 5dr Auto,5,87,89,71,88
VOLKSWAGEN,ID.3 HATCHBACK,150kW Match Pro 59kWh 5dr Auto [Comfort/Pan Roof],5,87,89,71,88
VOLKSWAGEN,ID.3 HATCHBACK,150kW Match Pro 59kWh 5dr Auto [Comfort],5,87,89,71,88
VOLKSWAGEN,ID.3 HATCHBACK,150kW Match Pro 59kWh 5dr Auto [Pan Roof],5,87,89,71,88
VOLKSWAGEN,ID.3 HATCHBACK,240kW GTX Performance 79kWh 5dr Auto,5,,,,
VOLKSWAGEN,ID.3 HATCHBACK,240kW GTX Performance 79kWh 5dr Auto [Pan Rf],5,,,,
VOLKSWAGEN,ID.4 ESTATE,125kW Match Pure 52kWh 5dr Auto [19'' Alloys],5,89,87,84,76
VOLKSWAGEN,ID.4 ESTATE,210kW 4MOTION Black Edition Pro 77kWh 5dr Auto,5,89,87,84,76
VOLKSWAGEN,ID.4 ESTATE,210kW 4MOTION Match Pro 77kWh 5dr Auto,5,89,87,84,76
VOLKSWAGEN,ID.4 ESTATE,210kW Black Edition Pro 77kWh 5dr Auto,5,89,87,84,76
VOLKSWAGEN,ID.4 ESTATE,210kW Match Pro 77kWh 5dr Auto,5,89,87,84,76
VOLKSWAGEN,ID.4 ESTATE,250kW 4MOTION GTX Edition 79kWh 5dr Auto,5,89,87,84,76
VOLKSWAGEN,ID.4 ESTATE SPECIAL EDITION,125kW Essential Pure 52kWh 5dr Auto,,89,87,84,76
VOLKSWAGEN,ID.4 ESTATE SPECIAL EDITION,210kW Essential Pro 77kWh 5dr Auto,,89,87,84,76
VOLKSWAGEN,ID.5 COUPE,125kW Match Pure 52kWh 5dr Auto,5,93,89,76,85
VOLKSWAGEN,ID.5 COUPE,210kW Black Edition Pro 77kWh 5dr Auto,5,93,89,76,85
VOLKSWAGEN,ID.5 COUPE,210kW Essential Pro 77kWh 5dr Auto,5,93,89,76,85
VOLKSWAGEN,ID.5 COUPE,210kW Match Pro 77kWh 5dr Auto,5,93,89,76,85
VOLKSWAGEN,ID.5 COUPE,250kW 4MOTION GTX Edition 79kWh 5dr Auto,5,93,89,76,85
VOLKSWAGEN,ID.7 HATCHBACK,210kW Match Pro Plus 77kWh 5dr Auto,5,,,,
VOLKSWAGEN,ID.7 HATCHBACK,210kW Match Pro Plus 77kWh 5dr Auto [Ext+ Pan],5,,,,
VOLKSWAGEN,ID.7 HATCHBACK,210kW Match Pro Plus 77kWh 5dr Auto [Int+ Pack],5,,,,
VOLKSWAGEN,ID.7 HATCHBACK,210kW Match Pro Plus 77kWh 5dr Auto [Int+Ext+ Pan],5,,,,
VOLKSWAGEN,ID.7 HATCHBACK,210kW Match Pro S Plus 86kWh 5dr Auto,5,,,,
VOLKSWAGEN,ID.7 HATCHBACK,210kW Match Pro S Plus 86kWh 5dr Auto [Ext+ Pan],5,,,,
VOLKSWAGEN,ID.7 HATCHBACK,210kW Match Pro S Plus 86kWh 5dr Auto [Int+ Pack],5,,,,
VOLKSWAGEN,ID.7 HATCHBACK,210kW Match Pro S Plus 86kWh 5dr Auto Int+Ext+ Pan,5,,,,
VOLKSWAGEN,ID.7 HATCHBACK,250kW 4MOTION GTX Plus 86kWh 5dr Auto,5,,,,
VOLKSWAGEN,ID.7 HATCHBACK,250kW 4MOTION GTX Plus 86kWh 5dr Auto [Ext+ Pan],5,,,,
VOLKSWAGEN,ID.7 TOURER,210kW Match Pro Plus 77kWh 5dr Auto,5,,,,
VOLKSWAGEN,ID.7 TOURER,210kW Match Pro Plus 77kWh 5dr Auto [Ext+ Pan],5,,,,
VOLKSWAGEN,ID.7 TOURER,210kW Match Pro Plus 77kWh 5dr Auto [Int+ Pack],5,,,,
VOLKSWAGEN,ID.7 TOURER,210kW Match Pro Plus 77kWh 5dr Auto [Int+Ext+ Pan],5,,,,
VOLKSWAGEN,ID.7 TOURER,210kW Match Pro S Plus 86kWh 5dr Auto,5,,,,
VOLKSWAGEN,ID.7 TOURER,210kW Match Pro S Plus 86kWh 5dr Auto [Ext+ Pan],5,,,,
VOLKSWAGEN,ID.7 TOURER,210kW Match Pro S Plus 86kWh 5dr Auto [Int+ Pack],5,,,,
VOLKSWAGEN,ID.7 TOURER,210kW Match Pro S Plus 86kWh 5dr Auto Int+Ext+ Pan,5,,,,
VOLKSWAGEN,ID.7 TOURER,250kW 4MOTION GTX Plus 86kWh 5dr Auto,5,,,,
VOLKSWAGEN,ID.7 TOURER,250kW 4MOTION GTX Plus 86kWh 5dr Auto [Ext+ Pan],5,,,,
VOLVO,C40 ESTATE,170kW Recharge Core 69kWh 5dr Auto,5,92,89,70,89
VOLVO,C40 ESTATE,175kW Recharge Core 69kWh 5dr Auto,5,92,89,70,89
VOLVO,C40 ESTATE,175kW Recharge Plus 69kWh 5dr Auto,5,92,89,70,89
VOLVO,C40 ESTATE,300kW Recharge Twin Plus 82kWh 5dr AWD Auto,5,92,89,70,89
VOLVO,EC40 ESTATE,175kW Plus 69kWh 5dr Auto,5,92,89,70,89
VOLVO,EC40 ESTATE,175kW Plus Pro 69kWh 5dr Auto,5,92,89,70,89
VOLVO,EC40 ESTATE,185kW Ext Range Plus Black Edition 82kWh 5dr Auto,5,92,89,70,89
VOLVO,EC40 ESTATE,185kW Ext Range Plus Pro Black Ed 82kWh 5dr Auto,5,92,89,70,89
VOLVO,EC40 ESTATE,185kW Ext Range Ultra Black Edition 82kWh 5dr Auto,5,92,89,70,89
VOLVO,EC40 ESTATE,185kW Extended Range Plus 78kWh 5dr Auto,5,92,89,70,89
VOLVO,EC40 ESTATE,185kW Extended Range Plus 82kWh 5dr Auto,5,92,89,70,89
VOLVO,EC40 ESTATE,185kW Extended Range Plus Pro 82kWh 5dr Auto,5,92,89,70,89
VOLVO,EC40 ESTATE,185kW Extended Range Ultra 82kWh 5dr Auto,5,92,89,70,89
VOLVO,EC40 ESTATE,300kW Twin Plus 82kWh 5dr AWD Auto,5,92,89,70,89
VOLVO,EC40 ESTATE,300kW Twin Plus Pro 82kWh 5dr AWD Auto,5,92,89,70,89
VOLVO,EC40 ESTATE,300kW Twin Ultra 82kWh 5dr AWD Auto,5,92,89,70,89
VOLVO,EC40 ESTATE,325kW TM Perf Plus Black Edition 82kWh 5dr Auto,5,92,89,70,89
VOLVO,EC40 ESTATE,325kW TM Perf Plus Pro Black Ed 82kWh 5dr Auto,5,92,89,70,89
VOLVO,EC40 ESTATE,325kW TM Perf Ultra Black Edition 82kWh 5dr Auto,5,92,89,70,89
VOLVO,EX30 ESTATE,200kW Single Motor Core 51kWh 5dr Auto,5,88,85,79,80
VOLVO,EX30 ESTATE,200kW Single Motor Plus 51kWh 5dr Auto,5,88,85,79,80
VOLVO,EX30 ESTATE,200kW SM Extended Range Core 69kWh 5dr Auto,5,88,85,79,80
VOLVO,EX30 ESTATE,200kW SM Extended Range Plus 69kWh 5dr Auto,5,88,85,79,80
VOLVO,EX30 ESTATE,200kW SM Extended Range Ultra 69kWh 5dr Auto,5,88,85,79,80
VOLVO,EX30 ESTATE,315kW TM Perf Cross Country Ultra 69kWh 5dr Auto,5,88,85,79,80
VOLVO,EX30 ESTATE,315kW Twin Motor Performance Plus 69kWh 5dr Auto,5,88,85,79,80
VOLVO,EX30 ESTATE,315kW Twin Motor Performance Ultra 69kWh 5dr Auto,5,88,85,79,80
VOLVO,XC40 ELECTRIC ESTATE,175kW Recharge Core 69kWh 5dr Auto,5,97,87,71,76
VOLVO,XC40 ELECTRIC ESTATE,300kW Recharge Twin Core 82kWh 5dr AWD Auto,5,97,87,71,76
XPENG,G6 ESTATE,185kW 68kWh Standard Range RWD 5dr Auto,5,88,85,81,75
XPENG,G6 ESTATE,190kW 66kWh Standard Range RWD 5dr Auto,5,88,85,81,75
XPENG,G6 ESTATE,210kW 88kWh Long Range RWD 5dr Auto,5,88,85,81,75
XPENG,G6 ESTATE,218kW 80kWh Long Range RWD 5dr Auto,5,88,85,81,75
